candidate_approval_number,discipline_root,approval_year,project_type_contexts,discipline_scope_contexts,existence_status,evidence_level,confirmed_sources,publication_evidence_count,openalex_award_id,project_title_candidate,lead_investigator_candidate,institution_candidate,official_confirmation_status,next_action,warning
20102007,B,2001,youth_c,B01,confirmed_bibliographic,C_bibliographic,crossref,1,,,,,not_checked,official_or_institutional_confirmation,do not write candidate identity fields into the master project table
20175036,B,2001,general,B04,confirmed_bibliographic,C_bibliographic,crossref,1,,,,,not_checked,official_or_institutional_confirmation,do not write candidate identity fields into the master project table
20176025,B,2001,general,B08,confirmed_bibliographic,C_bibliographic,crossref,1,,,,,not_checked,official_or_institutional_confirmation,do not write candidate identity fields into the master project table
20176034,B,2001,general,B08,confirmed_bibliographic,C_bibliographic,crossref,1,,,,,not_checked,official_or_institutional_confirmation,do not write candidate identity fields into the master project table
20375012,B,2003,general,B04,confirmed_bibliographic,C_bibliographic,crossref,14,,,,,not_checked,official_or_institutional_confirmation,do not write candidate identity fields into the master project table
20475066,B,2004,general,B04,confirmed_bibliographic,C_bibliographic,crossref,3,,,,,not_checked,official_or_institutional_confirmation,do not write candidate identity fields into the master project table
20475068,B,2004,general,B04,confirmed_bibliographic,C_bibliographic,crossref,1,,,,,not_checked,official_or_institutional_confirmation,do not write candidate identity fields into the master project table
20476002,B,2004,general,B08,confirmed_bibliographic,C_bibliographic,crossref,1,,,,,not_checked,official_or_institutional_confirmation,do not write candidate identity fields into the master project table
20543002,B,2005,special,B02,confirmed_bibliographic,C_bibliographic,crossref,4,,,,,not_checked,official_or_institutional_confirmation,do not write candidate identity fields into the master project table
20575031,B,2005,general,B04,confirmed_bibliographic,C_bibliographic,crossref,4,,,,,not_checked,official_or_institutional_confirmation,do not write candidate identity fields into the master project table
20575061,B,2005,general,B04,confirmed_bibliographic,C_bibliographic,crossref,1,,,,,not_checked,official_or_institutional_confirmation,do not write candidate identity fields into the master project table
20576053,B,2005,general,B08,confirmed_bibliographic,C_bibliographic,crossref,1,,,,,not_checked,official_or_institutional_confirmation,do not write candidate identity fields into the master project table
20605003,B,2006,youth_c,B04,confirmed_bibliographic,C_bibliographic,crossref,3,,,,,not_checked,official_or_institutional_confirmation,do not write candidate identity fields into the master project table
20605010,B,2006,youth_c,B04,confirmed_bibliographic,C_bibliographic,crossref,5,,,,,not_checked,official_or_institutional_confirmation,do not write candidate identity fields into the master project table
20606016,B,2006,youth_c,B08,confirmed_bibliographic,C_bibliographic,crossref,2,,,,,not_checked,official_or_institutional_confirmation,do not write candidate identity fields into the master project table
20662003,B,2006,regional,B07,confirmed_bibliographic,C_bibliographic,crossref,6,,,,,not_checked,official_or_institutional_confirmation,do not write candidate identity fields into the master project table
20675057,B,2006,general,B04,confirmed_bibliographic,C_bibliographic,crossref,3,,,,,not_checked,official_or_institutional_confirmation,do not write candidate identity fields into the master project table
20675073,B,2006,general,B04,confirmed_bibliographic,C_bibliographic,crossref,1,,,,,not_checked,official_or_institutional_confirmation,do not write candidate identity fields into the master project table
20676049,B,2006,general,B08,confirmed_bibliographic,C_bibliographic,crossref,2,,,,,not_checked,official_or_institutional_confirmation,do not write candidate identity fields into the master project table
20705024,B,2007,youth_c,B04,confirmed_bibliographic,C_bibliographic,crossref,2,,,,,not_checked,official_or_institutional_confirmation,do not write candidate identity fields into the master project table
20732004,B,2007,key,B01,confirmed_bibliographic,C_bibliographic,crossref,4,,,,,not_checked,official_or_institutional_confirmation,do not write candidate identity fields into the master project table
20733004,B,2007,key,B03,confirmed_bibliographic,C_bibliographic,crossref,1,,,,,not_checked,official_or_institutional_confirmation,do not write candidate identity fields into the master project table
20775025,B,2007,general,B04,confirmed_bibliographic,C_bibliographic,crossref,8,,,,,not_checked,official_or_institutional_confirmation,do not write candidate identity fields into the master project table
20775036,B,2007,general,B04,confirmed_bibliographic,C_bibliographic,crossref,3,,,,,not_checked,official_or_institutional_confirmation,do not write candidate identity fields into the master project table
20775091,B,2007,general,B04,confirmed_bibliographic,C_bibliographic,crossref,1,,,,,not_checked,official_or_institutional_confirmation,do not write candidate identity fields into the master project table
20832004,B,2008,key,B01,confirmed_bibliographic,C_bibliographic,crossref,4,,,,,not_checked,official_or_institutional_confirmation,do not write candidate identity fields into the master project table
20835002,B,2008,key,B04,confirmed_bibliographic,C_bibliographic,crossref,6,,,,,not_checked,official_or_institutional_confirmation,do not write candidate identity fields into the master project table
20875022,B,2008,general,B04,confirmed_bibliographic,C_bibliographic,crossref,10,,,,,not_checked,official_or_institutional_confirmation,do not write candidate identity fields into the master project table
20875047,B,2008,general,B04,confirmed_bibliographic,C_bibliographic,crossref,12,,,,,not_checked,official_or_institutional_confirmation,do not write candidate identity fields into the master project table
20875061,B,2008,general,B04,confirmed_bibliographic,C_bibliographic,crossref,1,,,,,not_checked,official_or_institutional_confirmation,do not write candidate identity fields into the master project table
20875065,B,2008,general,B04,confirmed_bibliographic,C_bibliographic,crossref,2,,,,,not_checked,official_or_institutional_confirmation,do not write candidate identity fields into the master project table
20876002,B,2008,general,B08,confirmed_bibliographic,C_bibliographic,crossref,2,,,,,not_checked,official_or_institutional_confirmation,do not write candidate identity fields into the master project table
20876010,B,2008,general,B08,confirmed_bibliographic,C_bibliographic,crossref,1,,,,,not_checked,official_or_institutional_confirmation,do not write candidate identity fields into the master project table
20905015,B,2009,youth_c,B04,confirmed_bibliographic,C_bibliographic,crossref,5,,,,,not_checked,official_or_institutional_confirmation,do not write candidate identity fields into the master project table
20905033,B,2009,youth_c,B04,confirmed_bibliographic,C_bibliographic,crossref,3,,,,,not_checked,official_or_institutional_confirmation,do not write candidate identity fields into the master project table
20905054,B,2009,youth_c,B04,confirmed_bibliographic,C_bibliographic,crossref,2,,,,,not_checked,official_or_institutional_confirmation,do not write candidate identity fields into the master project table
20905075,B,2009,youth_c,B04,confirmed_bibliographic,C_bibliographic,crossref,1,,,,,not_checked,official_or_institutional_confirmation,do not write candidate identity fields into the master project table
20933004,B,2009,key,B03,confirmed_bibliographic,C_bibliographic,crossref,19,,,,,not_checked,official_or_institutional_confirmation,do not write candidate identity fields into the master project table
20975011,B,2009,general,B04,confirmed_bibliographic,C_bibliographic,crossref,5,,,,,not_checked,official_or_institutional_confirmation,do not write candidate identity fields into the master project table
20975039,B,2009,general,B04,confirmed_bibliographic,C_bibliographic,crossref,8,,,,,not_checked,official_or_institutional_confirmation,do not write candidate identity fields into the master project table
20975040,B,2009,general,B04,confirmed_bibliographic,C_bibliographic,crossref,3,,,,,not_checked,official_or_institutional_confirmation,do not write candidate identity fields into the master project table
20975064,B,2009,general,B04,confirmed_bibliographic,C_bibliographic,crossref,2,,,,,not_checked,official_or_institutional_confirmation,do not write candidate identity fields into the master project table
20975107,B,2009,general,B04,confirmed_bibliographic,C_bibliographic,crossref,2,,,,,not_checked,official_or_institutional_confirmation,do not write candidate identity fields into the master project table
20975115,B,2009,general,B04,confirmed_bibliographic,C_bibliographic,crossref,1,,,,,not_checked,official_or_institutional_confirmation,do not write candidate identity fields into the master project table
20976002,B,2009,general,B08,confirmed_bibliographic,C_bibliographic,crossref,10,,,,,not_checked,official_or_institutional_confirmation,do not write candidate identity fields into the master project table
20976059,B,2009,general,B08,confirmed_bibliographic,C_bibliographic,crossref,1,,,,,not_checked,official_or_institutional_confirmation,do not write candidate identity fields into the master project table
21005052,B,2010,youth_c,B04,confirmed_bibliographic,C_bibliographic,crossref,1,,,,,not_checked,official_or_institutional_confirmation,do not write candidate identity fields into the master project table
21005063,B,2010,youth_c,B04,confirmed_bibliographic,C_bibliographic,crossref,6,,,,,not_checked,official_or_institutional_confirmation,do not write candidate identity fields into the master project table
21032002,B,2010,key,B01,confirmed_bibliographic,C_bibliographic,crossref,13,,,,,not_checked,official_or_institutional_confirmation,do not write candidate identity fields into the master project table
21033008,B,2010,key,B02,confirmed_bibliographic,C_bibliographic,crossref,11,,,,,not_checked,official_or_institutional_confirmation,do not write candidate identity fields into the master project table
21034004,B,2010,key,B05,confirmed_bibliographic,C_bibliographic,crossref,7,,,,,not_checked,official_or_institutional_confirmation,do not write candidate identity fields into the master project table
21065007,B,2010,regional,B04,confirmed_bibliographic,C_bibliographic,crossref,1,,,,,not_checked,official_or_institutional_confirmation,do not write candidate identity fields into the master project table
21065010,B,2010,regional,B04,confirmed_bibliographic,C_bibliographic,crossref,15,,,,,not_checked,official_or_institutional_confirmation,do not write candidate identity fields into the master project table
21075034,B,2010,general,B04,confirmed_bibliographic,C_bibliographic,crossref,2,,,,,not_checked,official_or_institutional_confirmation,do not write candidate identity fields into the master project table
21075046,B,2010,general,B04,confirmed_bibliographic,C_bibliographic,crossref,2,,,,,not_checked,official_or_institutional_confirmation,do not write candidate identity fields into the master project table
21075053,B,2010,general,B04,confirmed_bibliographic,C_bibliographic,crossref,11,,,,,not_checked,official_or_institutional_confirmation,do not write candidate identity fields into the master project table
21075113,B,2010,general,B04,confirmed_bibliographic,C_bibliographic,crossref,1,,,,,not_checked,official_or_institutional_confirmation,do not write candidate identity fields into the master project table
21075121,B,2010,general,B04,confirmed_bibliographic,C_bibliographic,crossref,1,,,,,not_checked,official_or_institutional_confirmation,do not write candidate identity fields into the master project table
21075138,B,2010,general,B04,confirmed_bibliographic,C_bibliographic,crossref,4,,,,,not_checked,official_or_institutional_confirmation,do not write candidate identity fields into the master project table
21076103,B,2010,general,B08,confirmed_bibliographic,C_bibliographic,crossref,8,,,,,not_checked,official_or_institutional_confirmation,do not write candidate identity fields into the master project table
21076143,B,2010,general,B08,confirmed_bibliographic,C_bibliographic,crossref,27,,,,,not_checked,official_or_institutional_confirmation,do not write candidate identity fields into the master project table
21077107,B,2010,general,B06,confirmed_bibliographic,C_bibliographic,crossref,10,,,,,not_checked,official_or_institutional_confirmation,do not write candidate identity fields into the master project table
21105035,B,2011,youth_c,B04,confirmed_bibliographic,C_bibliographic,crossref,5,,,,,not_checked,official_or_institutional_confirmation,do not write candidate identity fields into the master project table
21105129,B,2011,youth_c,B04,confirmed_bibliographic,C_bibliographic,crossref,2,,,,,not_checked,official_or_institutional_confirmation,do not write candidate identity fields into the master project table
21127011,B,2011,special,B04,confirmed_bibliographic,C_bibliographic,crossref,6,,,,,not_checked,official_or_institutional_confirmation,do not write candidate identity fields into the master project table
21132003,B,2011,key,B01,confirmed_bibliographic,C_bibliographic,crossref,56,,,,,not_checked,official_or_institutional_confirmation,do not write candidate identity fields into the master project table
21165011,B,2011,regional,B04,confirmed_bibliographic,C_bibliographic,crossref,4,,,,,not_checked,official_or_institutional_confirmation,do not write candidate identity fields into the master project table
21175041,B,2011,general,B04,confirmed_bibliographic,C_bibliographic,crossref,26,,,,,not_checked,official_or_institutional_confirmation,do not write candidate identity fields into the master project table
21175063,B,2011,general,B04,confirmed_bibliographic,C_bibliographic,crossref,2,,,,,not_checked,official_or_institutional_confirmation,do not write candidate identity fields into the master project table
21175064,B,2011,general,B04,confirmed_bibliographic,C_bibliographic,crossref,8,,,,,not_checked,official_or_institutional_confirmation,do not write candidate identity fields into the master project table
21175074,B,2011,general,B04,confirmed_bibliographic,C_bibliographic,crossref,15,,,,,not_checked,official_or_institutional_confirmation,do not write candidate identity fields into the master project table
21175095,B,2011,general,B04,confirmed_bibliographic,C_bibliographic,crossref,6,,,,,not_checked,official_or_institutional_confirmation,do not write candidate identity fields into the master project table
21175106,B,2011,general,B04,confirmed_bibliographic,C_bibliographic,crossref,11,,,,,not_checked,official_or_institutional_confirmation,do not write candidate identity fields into the master project table
21175119,B,2011,general,B04,confirmed_bibliographic,C_bibliographic,crossref,1,,,,,not_checked,official_or_institutional_confirmation,do not write candidate identity fields into the master project table
21175123,B,2011,general,B04,confirmed_bibliographic,C_bibliographic,crossref,1,,,,,not_checked,official_or_institutional_confirmation,do not write candidate identity fields into the master project table
21175130,B,2011,general,B04,confirmed_bibliographic,C_bibliographic,crossref,8,,,,,not_checked,official_or_institutional_confirmation,do not write candidate identity fields into the master project table
21175157,B,2011,general,B04,confirmed_bibliographic,C_bibliographic,crossref,10,,,,,not_checked,official_or_institutional_confirmation,do not write candidate identity fields into the master project table
21176122,B,2011,general,B08,confirmed_bibliographic,C_bibliographic,crossref,4,,,,,not_checked,official_or_institutional_confirmation,do not write candidate identity fields into the master project table
21205019,B,2012,youth_c,B04,confirmed_bibliographic,C_bibliographic,crossref,3,,,,,not_checked,official_or_institutional_confirmation,do not write candidate identity fields into the master project table
21205055,B,2012,youth_c,B04,confirmed_bibliographic,C_bibliographic,crossref,6,,,,,not_checked,official_or_institutional_confirmation,do not write candidate identity fields into the master project table
21205085,B,2012,youth_c,B04,confirmed_bibliographic,C_bibliographic,crossref,1,,,,,not_checked,official_or_institutional_confirmation,do not write candidate identity fields into the master project table
21205118,B,2012,youth_c,B04,confirmed_bibliographic,C_bibliographic,crossref,8,,,,,not_checked,official_or_institutional_confirmation,do not write candidate identity fields into the master project table
21205145,B,2012,youth_c,B04,confirmed_bibliographic,C_bibliographic,crossref,14,,,,,not_checked,official_or_institutional_confirmation,do not write candidate identity fields into the master project table
21206005,B,2012,youth_c,B08,confirmed_bibliographic,C_bibliographic,crossref,2,,,,,not_checked,official_or_institutional_confirmation,do not write candidate identity fields into the master project table
21206026,B,2012,youth_c,B08,confirmed_bibliographic,C_bibliographic,crossref,8,,,,,not_checked,official_or_institutional_confirmation,do not write candidate identity fields into the master project table
21206071,B,2012,youth_c,B08,confirmed_bibliographic,C_bibliographic,crossref,2,,,,,not_checked,official_or_institutional_confirmation,do not write candidate identity fields into the master project table
21207135,B,2012,youth_c,B06,confirmed_bibliographic,C_bibliographic,crossref,13,,,,,not_checked,official_or_institutional_confirmation,do not write candidate identity fields into the master project table
21232005,B,2012,key,B01,confirmed_bibliographic,C_bibliographic,crossref,60,,,,,not_checked,official_or_institutional_confirmation,do not write candidate identity fields into the master project table
21265006,B,2012,regional,B04,confirmed_bibliographic,C_bibliographic,crossref,3,,,,,not_checked,official_or_institutional_confirmation,do not write candidate identity fields into the master project table
21275016,B,2012,general,B04,confirmed_bibliographic,C_bibliographic,crossref,13,,,,,not_checked,official_or_institutional_confirmation,do not write candidate identity fields into the master project table
21275046,B,2012,general,B04,confirmed_bibliographic,C_bibliographic,crossref,12,,,,,not_checked,official_or_institutional_confirmation,do not write candidate identity fields into the master project table
21275061,B,2012,general,B04,confirmed_bibliographic,C_bibliographic,crossref,6,,,,,not_checked,official_or_institutional_confirmation,do not write candidate identity fields into the master project table
21275067,B,2012,general,B04,confirmed_bibliographic,C_bibliographic,crossref,28,,,,,not_checked,official_or_institutional_confirmation,do not write candidate identity fields into the master project table
21275094,B,2012,general,B04,confirmed_bibliographic,C_bibliographic,crossref,4,,,,,not_checked,official_or_institutional_confirmation,do not write candidate identity fields into the master project table
21275101,B,2012,general,B04,confirmed_bibliographic,C_bibliographic,crossref,9,,,,,not_checked,official_or_institutional_confirmation,do not write candidate identity fields into the master project table
21275108,B,2012,general,B04,confirmed_bibliographic,C_bibliographic,crossref,2,,,,,not_checked,official_or_institutional_confirmation,do not write candidate identity fields into the master project table
21275140,B,2012,general,B04,confirmed_bibliographic,C_bibliographic,crossref,5,,,,,not_checked,official_or_institutional_confirmation,do not write candidate identity fields into the master project table
21275164,B,2012,general,B04,confirmed_bibliographic,C_bibliographic,crossref,8,,,,,not_checked,official_or_institutional_confirmation,do not write candidate identity fields into the master project table
21276040,B,2012,general,B08,confirmed_bibliographic,C_bibliographic,crossref,24,,,,,not_checked,official_or_institutional_confirmation,do not write candidate identity fields into the master project table
21276059,B,2012,general,B08,confirmed_bibliographic,C_bibliographic,crossref,15,,,,,not_checked,official_or_institutional_confirmation,do not write candidate identity fields into the master project table
21276164,B,2012,general,B08,confirmed_bibliographic,C_bibliographic,crossref,2,,,,,not_checked,official_or_institutional_confirmation,do not write candidate identity fields into the master project table
21276258,B,2012,general,B08,confirmed_bibliographic,C_bibliographic,crossref,18,,,,,not_checked,official_or_institutional_confirmation,do not write candidate identity fields into the master project table
21305033,B,2013,youth_c,B04,confirmed_bibliographic,C_bibliographic,crossref,32,,,,,not_checked,official_or_institutional_confirmation,do not write candidate identity fields into the master project table
21305043,B,2013,youth_c,B04,confirmed_bibliographic,C_bibliographic,crossref,1,,,,,not_checked,official_or_institutional_confirmation,do not write candidate identity fields into the master project table
21305057,B,2013,youth_c,B04,confirmed_bibliographic,C_bibliographic,crossref,3,,,,,not_checked,official_or_institutional_confirmation,do not write candidate identity fields into the master project table
21305061,B,2013,youth_c,B04,confirmed_bibliographic,C_bibliographic,crossref,8,,,,,not_checked,official_or_institutional_confirmation,do not write candidate identity fields into the master project table
21305062,B,2013,youth_c,B04,confirmed_bibliographic,C_bibliographic,crossref,12,,,,,not_checked,official_or_institutional_confirmation,do not write candidate identity fields into the master project table
21305096,B,2013,youth_c,B04,confirmed_bibliographic,C_bibliographic,crossref,4,,,,,not_checked,official_or_institutional_confirmation,do not write candidate identity fields into the master project table
21305101,B,2013,youth_c,B04,confirmed_bibliographic,C_bibliographic,crossref,15,,,,,not_checked,official_or_institutional_confirmation,do not write candidate identity fields into the master project table
21305105,B,2013,youth_c,B04,confirmed_bibliographic,C_bibliographic,crossref,1,,,,,not_checked,official_or_institutional_confirmation,do not write candidate identity fields into the master project table
21305108,B,2013,youth_c,B04,confirmed_bibliographic,C_bibliographic,crossref,6,,,,,not_checked,official_or_institutional_confirmation,do not write candidate identity fields into the master project table
21305163,B,2013,youth_c,B04,confirmed_bibliographic,C_bibliographic,crossref,16,,,,,not_checked,official_or_institutional_confirmation,do not write candidate identity fields into the master project table
21306035,B,2013,youth_c,B08,confirmed_bibliographic,C_bibliographic,crossref,14,,,,,not_checked,official_or_institutional_confirmation,do not write candidate identity fields into the master project table
21306124,B,2013,youth_c,B08,confirmed_bibliographic,C_bibliographic,crossref,13,,,,,not_checked,official_or_institutional_confirmation,do not write candidate identity fields into the master project table
21331004,B,2013,key,B01,confirmed_bibliographic,C_bibliographic,crossref,47,,,,,not_checked,official_or_institutional_confirmation,do not write candidate identity fields into the master project table
21332004,B,2013,key,B01,confirmed_bibliographic,C_bibliographic,crossref,54,,,,,not_checked,official_or_institutional_confirmation,do not write candidate identity fields into the master project table
21332006,B,2013,key,B01,confirmed_bibliographic,C_bibliographic,crossref,11,,,,,not_checked,official_or_institutional_confirmation,do not write candidate identity fields into the master project table
21365003,B,2013,regional,B04,confirmed_bibliographic,C_bibliographic,crossref,4,,,,,not_checked,official_or_institutional_confirmation,do not write candidate identity fields into the master project table
21365008,B,2013,regional,B04,confirmed_bibliographic,C_bibliographic,crossref,9,,,,,not_checked,official_or_institutional_confirmation,do not write candidate identity fields into the master project table
21375007,B,2013,general,B04,confirmed_bibliographic,C_bibliographic,crossref,10,,,,,not_checked,official_or_institutional_confirmation,do not write candidate identity fields into the master project table
21375011,B,2013,general,B04,confirmed_bibliographic,C_bibliographic,crossref,8,,,,,not_checked,official_or_institutional_confirmation,do not write candidate identity fields into the master project table
21375054,B,2013,general,B04,confirmed_bibliographic,C_bibliographic,crossref,11,,,,,not_checked,official_or_institutional_confirmation,do not write candidate identity fields into the master project table
21375082,B,2013,general,B04,confirmed_bibliographic,C_bibliographic,crossref,25,,,,,not_checked,official_or_institutional_confirmation,do not write candidate identity fields into the master project table
21375090,B,2013,general,B04,confirmed_bibliographic,C_bibliographic,crossref,13,,,,,not_checked,official_or_institutional_confirmation,do not write candidate identity fields into the master project table
21375105,B,2013,general,B04,confirmed_bibliographic,C_bibliographic,crossref,27,,,,,not_checked,official_or_institutional_confirmation,do not write candidate identity fields into the master project table
21375118,B,2013,general,B04,confirmed_bibliographic,C_bibliographic,crossref,22,,,,,not_checked,official_or_institutional_confirmation,do not write candidate identity fields into the master project table
21375151,B,2013,general,B04,confirmed_bibliographic,C_bibliographic,crossref,17,,,,,not_checked,official_or_institutional_confirmation,do not write candidate identity fields into the master project table
21376033,B,2013,general,B08,confirmed_bibliographic,C_bibliographic,crossref,6,,,,,not_checked,official_or_institutional_confirmation,do not write candidate identity fields into the master project table
21376092,B,2013,general,B08,confirmed_bibliographic,C_bibliographic,crossref,2,,,,,not_checked,official_or_institutional_confirmation,do not write candidate identity fields into the master project table
21376210,B,2013,general,B08,confirmed_bibliographic,C_bibliographic,crossref,6,,,,,not_checked,official_or_institutional_confirmation,do not write candidate identity fields into the master project table
21405068,B,2014,youth_c,B04,confirmed_bibliographic,C_bibliographic,crossref,8,,,,,not_checked,official_or_institutional_confirmation,do not write candidate identity fields into the master project table
21405110,B,2014,youth_c,B04,confirmed_bibliographic,C_bibliographic,crossref,13,,,,,not_checked,official_or_institutional_confirmation,do not write candidate identity fields into the master project table
21431007,B,2014,key,B01,confirmed_bibliographic,C_bibliographic,crossref,93,,,,,not_checked,official_or_institutional_confirmation,do not write candidate identity fields into the master project table
21432008,B,2014,key,B01,confirmed_bibliographic,C_bibliographic,crossref,62,,,,,not_checked,official_or_institutional_confirmation,do not write candidate identity fields into the master project table
21465016,B,2014,regional,B04,confirmed_bibliographic,C_bibliographic,crossref,10,,,,,not_checked,official_or_institutional_confirmation,do not write candidate identity fields into the master project table
21466033,B,2014,regional,B08,confirmed_bibliographic,C_bibliographic,crossref,6,,,,,not_checked,official_or_institutional_confirmation,do not write candidate identity fields into the master project table
21467024,B,2014,regional,B06,confirmed_bibliographic,C_bibliographic,crossref,17,,,,,not_checked,official_or_institutional_confirmation,do not write candidate identity fields into the master project table
21475039,B,2014,general,B04,confirmed_bibliographic,C_bibliographic,crossref,17,,,,,not_checked,official_or_institutional_confirmation,do not write candidate identity fields into the master project table
21475054,B,2014,general,B04,confirmed_bibliographic,C_bibliographic,crossref,15,,,,,not_checked,official_or_institutional_confirmation,do not write candidate identity fields into the master project table
21475068,B,2014,general,B04,confirmed_bibliographic,C_bibliographic,crossref,30,,,,,not_checked,official_or_institutional_confirmation,do not write candidate identity fields into the master project table
21475081,B,2014,general,B04,confirmed_bibliographic,C_bibliographic,crossref,22,,,,,not_checked,official_or_institutional_confirmation,do not write candidate identity fields into the master project table
21475113,B,2014,general,B04,confirmed_bibliographic,C_bibliographic,crossref,4,,,,,not_checked,official_or_institutional_confirmation,do not write candidate identity fields into the master project table
21476145,B,2014,general,B08,confirmed_bibliographic,C_bibliographic,crossref,25,,,,,not_checked,official_or_institutional_confirmation,do not write candidate identity fields into the master project table
21476271,B,2014,general,B08,confirmed_bibliographic,C_bibliographic,crossref,43,,,,,not_checked,official_or_institutional_confirmation,do not write candidate identity fields into the master project table
21505009,B,2015,youth_c,B04,confirmed_bibliographic,C_bibliographic,crossref,24,,,,,not_checked,official_or_institutional_confirmation,do not write candidate identity fields into the master project table
21505085,B,2015,youth_c,B04,confirmed_bibliographic,C_bibliographic,crossref,7,,,,,not_checked,official_or_institutional_confirmation,do not write candidate identity fields into the master project table
21505099,B,2015,youth_c,B04,confirmed_bibliographic,C_bibliographic,crossref,6,,,,,not_checked,official_or_institutional_confirmation,do not write candidate identity fields into the master project table
21505139,B,2015,youth_c,B04,confirmed_bibliographic,C_bibliographic,crossref,9,,,,,not_checked,official_or_institutional_confirmation,do not write candidate identity fields into the master project table
21506069,B,2015,youth_c,B08,confirmed_bibliographic,C_bibliographic,crossref,1,,,,,not_checked,official_or_institutional_confirmation,do not write candidate identity fields into the master project table
21532002,B,2015,key,B01,confirmed_bibliographic,C_bibliographic,crossref,27,,,,,not_checked,official_or_institutional_confirmation,do not write candidate identity fields into the master project table
21532005,B,2015,key,B01,confirmed_bibliographic,C_bibliographic,crossref,59,,,,,not_checked,official_or_institutional_confirmation,do not write candidate identity fields into the master project table
21565022,B,2015,regional,B04,confirmed_bibliographic,C_bibliographic,crossref,21,,,,,not_checked,official_or_institutional_confirmation,do not write candidate identity fields into the master project table
21575011,B,2015,general,B04,confirmed_bibliographic,C_bibliographic,crossref,26,,,,,not_checked,official_or_institutional_confirmation,do not write candidate identity fields into the master project table
21575039,B,2015,general,B04,confirmed_bibliographic,C_bibliographic,crossref,40,,,,,not_checked,official_or_institutional_confirmation,do not write candidate identity fields into the master project table
21575094,B,2015,general,B04,confirmed_bibliographic,C_bibliographic,crossref,13,,,,,not_checked,official_or_institutional_confirmation,do not write candidate identity fields into the master project table
21575128,B,2015,general,B04,confirmed_bibliographic,C_bibliographic,crossref,69,,,,,not_checked,official_or_institutional_confirmation,do not write candidate identity fields into the master project table
21575131,B,2015,general,B04,confirmed_bibliographic,C_bibliographic,crossref,4,,,,,not_checked,official_or_institutional_confirmation,do not write candidate identity fields into the master project table
21577032,B,2015,general,B06,confirmed_bibliographic,C_bibliographic,crossref,102,,,,,not_checked,official_or_institutional_confirmation,do not write candidate identity fields into the master project table
21605041,B,2016,youth_c,B04,confirmed_bibliographic,C_bibliographic,crossref,12,,,,,not_checked,official_or_institutional_confirmation,do not write candidate identity fields into the master project table
21605066,B,2016,youth_c,B04,confirmed_bibliographic,C_bibliographic,crossref,5,,,,,not_checked,official_or_institutional_confirmation,do not write candidate identity fields into the master project table
21605067,B,2016,youth_c,B04,confirmed_bibliographic,C_bibliographic,crossref,8,,,,,not_checked,official_or_institutional_confirmation,do not write candidate identity fields into the master project table
21605102,B,2016,youth_c,B04,confirmed_bibliographic,C_bibliographic,crossref,11,,,,,not_checked,official_or_institutional_confirmation,do not write candidate identity fields into the master project table
21605123,B,2016,youth_c,B04,confirmed_bibliographic,C_bibliographic,crossref,17,,,,,not_checked,official_or_institutional_confirmation,do not write candidate identity fields into the master project table
21631004,B,2016,key,B01,confirmed_bibliographic,C_bibliographic,crossref,68,,,,,not_checked,official_or_institutional_confirmation,do not write candidate identity fields into the master project table
21632007,B,2016,key,B01,confirmed_bibliographic,C_bibliographic,crossref,18,,,,,not_checked,official_or_institutional_confirmation,do not write candidate identity fields into the master project table
21665016,B,2016,regional,B04,confirmed_bibliographic,C_bibliographic,crossref,14,,,,,not_checked,official_or_institutional_confirmation,do not write candidate identity fields into the master project table
21665017,B,2016,regional,B04,confirmed_bibliographic,C_bibliographic,crossref,6,,,,,not_checked,official_or_institutional_confirmation,do not write candidate identity fields into the master project table
21665019,B,2016,regional,B04,confirmed_bibliographic,C_bibliographic,crossref,3,,,,,not_checked,official_or_institutional_confirmation,do not write candidate identity fields into the master project table
21665022,B,2016,regional,B04,confirmed_bibliographic,C_bibliographic,crossref,21,,,,,not_checked,official_or_institutional_confirmation,do not write candidate identity fields into the master project table
21666034,B,2016,regional,B08,confirmed_bibliographic,C_bibliographic,crossref,1,,,,,not_checked,official_or_institutional_confirmation,do not write candidate identity fields into the master project table
21667003,B,2016,regional,B06,confirmed_bibliographic,C_bibliographic,crossref,6,,,,,not_checked,official_or_institutional_confirmation,do not write candidate identity fields into the master project table
21675010,B,2016,general,B04,confirmed_bibliographic,C_bibliographic,crossref,17,,,,,not_checked,official_or_institutional_confirmation,do not write candidate identity fields into the master project table
21675035,B,2016,general,B04,confirmed_bibliographic,C_bibliographic,crossref,8,,,,,not_checked,official_or_institutional_confirmation,do not write candidate identity fields into the master project table
21675059,B,2016,general,B04,confirmed_bibliographic,C_bibliographic,crossref,2,,,,,not_checked,official_or_institutional_confirmation,do not write candidate identity fields into the master project table
21675070,B,2016,general,B04,confirmed_bibliographic,C_bibliographic,crossref,15,,,,,not_checked,official_or_institutional_confirmation,do not write candidate identity fields into the master project table
21675114,B,2016,general,B04,confirmed_bibliographic,C_bibliographic,crossref,22,,,,,not_checked,official_or_institutional_confirmation,do not write candidate identity fields into the master project table
21675123,B,2016,general,B04,confirmed_bibliographic,C_bibliographic,crossref,31,,,,,not_checked,official_or_institutional_confirmation,do not write candidate identity fields into the master project table
21675138,B,2016,general,B04,confirmed_bibliographic,C_bibliographic,crossref,19,,,,,not_checked,official_or_institutional_confirmation,do not write candidate identity fields into the master project table
21675169,B,2016,general,B04,confirmed_bibliographic,C_bibliographic,crossref,5,,,,,not_checked,official_or_institutional_confirmation,do not write candidate identity fields into the master project table
21675174,B,2016,general,B04,confirmed_bibliographic,C_bibliographic,crossref,27,,,,,not_checked,official_or_institutional_confirmation,do not write candidate identity fields into the master project table
21675180,B,2016,general,B04,confirmed_bibliographic,C_bibliographic,crossref,11,,,,,not_checked,official_or_institutional_confirmation,do not write candidate identity fields into the master project table
21676180,B,2016,general,B08,confirmed_bibliographic,C_bibliographic,crossref,13,,,,,not_checked,official_or_institutional_confirmation,do not write candidate identity fields into the master project table
21705011,B,2017,youth_c,B04,confirmed_bibliographic,C_bibliographic,crossref,1,,,,,not_checked,official_or_institutional_confirmation,do not write candidate identity fields into the master project table
21705044,B,2017,youth_c,B04,confirmed_bibliographic,C_bibliographic,crossref,14,,,,,not_checked,official_or_institutional_confirmation,do not write candidate identity fields into the master project table
21705112,B,2017,youth_c,B04,confirmed_bibliographic,C_bibliographic,crossref,6,,,,,not_checked,official_or_institutional_confirmation,do not write candidate identity fields into the master project table
21705158,B,2017,youth_c,B04,confirmed_bibliographic,C_bibliographic,crossref,7,,,,,not_checked,official_or_institutional_confirmation,do not write candidate identity fields into the master project table
21705162,B,2017,youth_c,B04,confirmed_bibliographic,C_bibliographic,crossref,7,,,,,not_checked,official_or_institutional_confirmation,do not write candidate identity fields into the master project table
21732002,B,2017,key,B01,confirmed_bibliographic,C_bibliographic,crossref,150,,,,,not_checked,official_or_institutional_confirmation,do not write candidate identity fields into the master project table
21765015,B,2017,regional,B04,confirmed_bibliographic,C_bibliographic,crossref,34,,,,,not_checked,official_or_institutional_confirmation,do not write candidate identity fields into the master project table
21766012,B,2017,regional,B08,confirmed_bibliographic,C_bibliographic,crossref,16,,,,,not_checked,official_or_institutional_confirmation,do not write candidate identity fields into the master project table
21775038,B,2017,general,B04,confirmed_bibliographic,C_bibliographic,crossref,12,,,,,not_checked,official_or_institutional_confirmation,do not write candidate identity fields into the master project table
21775039,B,2017,general,B04,confirmed_bibliographic,C_bibliographic,crossref,51,,,,,not_checked,official_or_institutional_confirmation,do not write candidate identity fields into the master project table
21775058,B,2017,general,B04,confirmed_bibliographic,C_bibliographic,crossref,17,,,,,not_checked,official_or_institutional_confirmation,do not write candidate identity fields into the master project table
21775060,B,2017,general,B04,confirmed_bibliographic,C_bibliographic,crossref,9,,,,,not_checked,official_or_institutional_confirmation,do not write candidate identity fields into the master project table
21775076,B,2017,general,B04,confirmed_bibliographic,C_bibliographic,crossref,20,,,,,not_checked,official_or_institutional_confirmation,do not write candidate identity fields into the master project table
21775107,B,2017,general,B04,confirmed_bibliographic,C_bibliographic,crossref,12,,,,,not_checked,official_or_institutional_confirmation,do not write candidate identity fields into the master project table
21775118,B,2017,general,B04,confirmed_bibliographic,C_bibliographic,crossref,7,,,,,not_checked,official_or_institutional_confirmation,do not write candidate identity fields into the master project table
21777039,B,2017,general,B06,confirmed_bibliographic,C_bibliographic,crossref,25,,,,,not_checked,official_or_institutional_confirmation,do not write candidate identity fields into the master project table
21777123,B,2017,general,B06,confirmed_bibliographic,C_bibliographic,crossref,15,,,,,not_checked,official_or_institutional_confirmation,do not write candidate identity fields into the master project table
21802068,B,2018,youth_c,B02,confirmed_bibliographic,C_bibliographic,crossref,1,,,,,not_checked,official_or_institutional_confirmation,do not write candidate identity fields into the master project table
21807071,B,2018,youth_c,B07,confirmed_bibliographic,C_bibliographic,crossref,4,,,,,not_checked,official_or_institutional_confirmation,do not write candidate identity fields into the master project table
21833009,B,2018,key,B03,confirmed_bibliographic,C_bibliographic,crossref,75,,,,,not_checked,official_or_institutional_confirmation,do not write candidate identity fields into the master project table
21837004,B,2018,key,B07,confirmed_bibliographic,C_bibliographic,crossref,6,,,,,not_checked,official_or_institutional_confirmation,do not write candidate identity fields into the master project table
21864021,B,2018,regional,B04,confirmed_bibliographic,C_bibliographic,crossref,15,,,,,not_checked,official_or_institutional_confirmation,do not write candidate identity fields into the master project table
21871286,B,2018,general,B01,confirmed_bibliographic,C_bibliographic,crossref,9,,,,,not_checked,official_or_institutional_confirmation,do not write candidate identity fields into the master project table
21876048,B,2018,general,B06,confirmed_bibliographic,C_bibliographic,crossref,9,,,,,not_checked,official_or_institutional_confirmation,do not write candidate identity fields into the master project table
21876115,B,2018,general,B06,confirmed_bibliographic,C_bibliographic,crossref,18,,,,,not_checked,official_or_institutional_confirmation,do not write candidate identity fields into the master project table
21901112,B,2019,youth_c,B01,confirmed_bibliographic,C_bibliographic,crossref,2,,,,,not_checked,official_or_institutional_confirmation,do not write candidate identity fields into the master project table
21901231,B,2019,youth_c,B01,confirmed_bibliographic,C_bibliographic,crossref,2,,,,,not_checked,official_or_institutional_confirmation,do not write candidate identity fields into the master project table
22001188,B,2020,youth_c,B01,confirmed_bibliographic,C_bibliographic,crossref,3,,,,,not_checked,official_or_institutional_confirmation,do not write candidate identity fields into the master project table
22004067,B,2020,youth_c,B04,confirmed_bibliographic,C_bibliographic,crossref,1,,,,,not_checked,official_or_institutional_confirmation,do not write candidate identity fields into the master project table
22061042,B,2020,regional,B01,confirmed_bibliographic,C_bibliographic,crossref,1,,,,,not_checked,official_or_institutional_confirmation,do not write candidate identity fields into the master project table
22077109,B,2020,general,B07,confirmed_bibliographic,C_bibliographic,crossref,10,,,,,not_checked,official_or_institutional_confirmation,do not write candidate identity fields into the master project table
22078194,B,2020,general,B08,confirmed_bibliographic,C_bibliographic,crossref,2,,,,,not_checked,official_or_institutional_confirmation,do not write candidate identity fields into the master project table
22101011,B,2021,youth_c,B01,confirmed_bibliographic,C_bibliographic,crossref,1,,,,,not_checked,official_or_institutional_confirmation,do not write candidate identity fields into the master project table
22101129,B,2021,youth_c,B01,confirmed_bibliographic,C_bibliographic,crossref,2,,,,,not_checked,official_or_institutional_confirmation,do not write candidate identity fields into the master project table
22103023,B,2021,youth_c,B03,confirmed_bibliographic,C_bibliographic,crossref,1,,,,,not_checked,official_or_institutional_confirmation,do not write candidate identity fields into the master project table
22105002,B,2021,youth_c,B05,confirmed_bibliographic,C_bibliographic,crossref,1,,,,,not_checked,official_or_institutional_confirmation,do not write candidate identity fields into the master project table
22106044,B,2021,youth_c,B06,confirmed_bibliographic,C_bibliographic,crossref,5,,,,,not_checked,official_or_institutional_confirmation,do not write candidate identity fields into the master project table
22109033,B,2021,youth_c,B09,confirmed_bibliographic,C_bibliographic,crossref,7,,,,,not_checked,official_or_institutional_confirmation,do not write candidate identity fields into the master project table
29975007,B,1999,general,B04,confirmed_bibliographic,C_bibliographic,crossref,4,,,,,not_checked,official_or_institutional_confirmation,do not write candidate identity fields into the master project table
50103012,E,2001,youth_c,E03,confirmed_bibliographic,C_bibliographic,crossref,1,,,,,not_checked,official_or_institutional_confirmation,do not write candidate identity fields into the master project table
50108009,E,2001,youth_c,E08,confirmed_bibliographic,C_bibliographic,crossref,1,,,,,not_checked,official_or_institutional_confirmation,do not write candidate identity fields into the master project table
50179011,E,2001,general,E09,confirmed_bibliographic,C_bibliographic,crossref,3,,,,,not_checked,official_or_institutional_confirmation,do not write candidate identity fields into the master project table
50271061,E,2002,general,E01,confirmed_bibliographic,C_bibliographic,crossref,1,,,,,not_checked,official_or_institutional_confirmation,do not write candidate identity fields into the master project table
50278076,E,2002,general,E08,confirmed_bibliographic,C_bibliographic,crossref,1,,,,,not_checked,official_or_institutional_confirmation,do not write candidate identity fields into the master project table
50371057,E,2003,general,E01,confirmed_bibliographic,C_bibliographic,crossref,1,,,,,not_checked,official_or_institutional_confirmation,do not write candidate identity fields into the master project table
50408024,E,2004,youth_c,E08,confirmed_bibliographic,C_bibliographic,crossref,2,,,,,not_checked,official_or_institutional_confirmation,do not write candidate identity fields into the master project table
50471102,E,2004,general,E01,confirmed_bibliographic,C_bibliographic,crossref,1,,,,,not_checked,official_or_institutional_confirmation,do not write candidate identity fields into the master project table
50474085,E,2004,general,E04,confirmed_bibliographic,C_bibliographic,crossref,3,,,,,not_checked,official_or_institutional_confirmation,do not write candidate identity fields into the master project table
50508006,E,2005,youth_c,E08,confirmed_bibliographic,C_bibliographic,crossref,1,,,,,not_checked,official_or_institutional_confirmation,do not write candidate identity fields into the master project table
50508014,E,2005,youth_c,E08,confirmed_bibliographic,C_bibliographic,crossref,1,,,,,not_checked,official_or_institutional_confirmation,do not write candidate identity fields into the master project table
50508018,E,2005,youth_c,E08,confirmed_bibliographic,C_bibliographic,crossref,1,,,,,not_checked,official_or_institutional_confirmation,do not write candidate identity fields into the master project table
50574020,E,2005,general,E04,confirmed_bibliographic,C_bibliographic,crossref,1,,,,,not_checked,official_or_institutional_confirmation,do not write candidate identity fields into the master project table
50574056,E,2005,general,E04,confirmed_bibliographic,C_bibliographic,crossref,4,,,,,not_checked,official_or_institutional_confirmation,do not write candidate identity fields into the master project table
50579008,E,2005,general,E09,confirmed_bibliographic,C_bibliographic,crossref,1,,,,,not_checked,official_or_institutional_confirmation,do not write candidate identity fields into the master project table
50671062,E,2006,general,E01,confirmed_bibliographic,C_bibliographic,crossref,4,,,,,not_checked,official_or_institutional_confirmation,do not write candidate identity fields into the master project table
50672091,E,2006,general,E02,confirmed_bibliographic,C_bibliographic,crossref,1,,,,,not_checked,official_or_institutional_confirmation,do not write candidate identity fields into the master project table
50679018,E,2006,general,E09,confirmed_bibliographic,C_bibliographic,crossref,1,,,,,not_checked,official_or_institutional_confirmation,do not write candidate identity fields into the master project table
50679049,E,2006,general,E09,confirmed_bibliographic,C_bibliographic,crossref,2,,,,,not_checked,official_or_institutional_confirmation,do not write candidate identity fields into the master project table
50738006,E,2007,key,E08,confirmed_bibliographic,C_bibliographic,crossref,4,,,,,not_checked,official_or_institutional_confirmation,do not write candidate identity fields into the master project table
50779008,E,2007,general,E09,confirmed_bibliographic,C_bibliographic,crossref,1,,,,,not_checked,official_or_institutional_confirmation,do not write candidate identity fields into the master project table
50779027,E,2007,general,E09,confirmed_bibliographic,C_bibliographic,crossref,1,,,,,not_checked,official_or_institutional_confirmation,do not write candidate identity fields into the master project table
50779080,E,2007,general,E09,confirmed_bibliographic,C_bibliographic,crossref,1,,,,,not_checked,official_or_institutional_confirmation,do not write candidate identity fields into the master project table
50968002,E,2009,regional,E08,confirmed_bibliographic,C_bibliographic,crossref,2,,,,,not_checked,official_or_institutional_confirmation,do not write candidate identity fields into the master project table
50972046,E,2009,general,E02,confirmed_bibliographic,C_bibliographic,crossref,1,,,,,not_checked,official_or_institutional_confirmation,do not write candidate identity fields into the master project table
50975236,E,2009,general,E05,confirmed_bibliographic,C_bibliographic,crossref,2,,,,,not_checked,official_or_institutional_confirmation,do not write candidate identity fields into the master project table
51038003,E,2010,key,E08,confirmed_bibliographic,C_bibliographic,crossref,8,,,,,not_checked,official_or_institutional_confirmation,do not write candidate identity fields into the master project table
51061014,E,2010,regional,E01,confirmed_bibliographic,C_bibliographic,crossref,3,,,,,not_checked,official_or_institutional_confirmation,do not write candidate identity fields into the master project table
51069007,E,2010,regional,E09,confirmed_bibliographic,C_bibliographic,crossref,1,,,,,not_checked,official_or_institutional_confirmation,do not write candidate identity fields into the master project table
51138006,E,2011,key,E08,confirmed_bibliographic,C_bibliographic,crossref,24,,,,,not_checked,official_or_institutional_confirmation,do not write candidate identity fields into the master project table
51168026,E,2011,regional,E08,confirmed_bibliographic,C_bibliographic,crossref,9,,,,,not_checked,official_or_institutional_confirmation,do not write candidate identity fields into the master project table
51168027,E,2011,regional,E08,confirmed_bibliographic,C_bibliographic,crossref,2,,,,,not_checked,official_or_institutional_confirmation,do not write candidate identity fields into the master project table
51168028,E,2011,regional,E08,confirmed_bibliographic,C_bibliographic,crossref,2,,,,,not_checked,official_or_institutional_confirmation,do not write candidate identity fields into the master project table
51168029,E,2011,regional,E08,confirmed_bibliographic,C_bibliographic,crossref,4,,,,,not_checked,official_or_institutional_confirmation,do not write candidate identity fields into the master project table
51169017,E,2011,regional,E09,confirmed_bibliographic,C_bibliographic,crossref,1,,,,,not_checked,official_or_institutional_confirmation,do not write candidate identity fields into the master project table
51173050,E,2011,general,E03,confirmed_bibliographic,C_bibliographic,crossref,3,,,,,not_checked,official_or_institutional_confirmation,do not write candidate identity fields into the master project table
51173172,E,2011,general,E03,confirmed_bibliographic,C_bibliographic,crossref,18,,,,,not_checked,official_or_institutional_confirmation,do not write candidate identity fields into the master project table
51176037,E,2011,general,E06,confirmed_bibliographic,C_bibliographic,crossref,8,,,,,not_checked,official_or_institutional_confirmation,do not write candidate identity fields into the master project table
51177054,E,2011,general,E07,confirmed_bibliographic,C_bibliographic,crossref,1,,,,,not_checked,official_or_institutional_confirmation,do not write candidate identity fields into the master project table
51205070,E,2012,youth_c,E05,confirmed_bibliographic,C_bibliographic,crossref,3,,,,,not_checked,official_or_institutional_confirmation,do not write candidate identity fields into the master project table
51238004,E,2012,key,E08,confirmed_bibliographic,C_bibliographic,crossref,24,,,,,not_checked,official_or_institutional_confirmation,do not write candidate identity fields into the master project table
51238006,E,2012,key,E08,confirmed_bibliographic,C_bibliographic,crossref,23,,,,,not_checked,official_or_institutional_confirmation,do not write candidate identity fields into the master project table
51268008,E,2012,regional,E08,confirmed_bibliographic,C_bibliographic,crossref,2,,,,,not_checked,official_or_institutional_confirmation,do not write candidate identity fields into the master project table
51268018,E,2012,regional,E08,confirmed_bibliographic,C_bibliographic,crossref,2,,,,,not_checked,official_or_institutional_confirmation,do not write candidate identity fields into the master project table
51268021,E,2012,regional,E08,confirmed_bibliographic,C_bibliographic,crossref,5,,,,,not_checked,official_or_institutional_confirmation,do not write candidate identity fields into the master project table
51268026,E,2012,regional,E08,confirmed_bibliographic,C_bibliographic,crossref,1,,,,,not_checked,official_or_institutional_confirmation,do not write candidate identity fields into the master project table
51268034,E,2012,regional,E08,confirmed_bibliographic,C_bibliographic,crossref,3,,,,,not_checked,official_or_institutional_confirmation,do not write candidate identity fields into the master project table
51268047,E,2012,regional,E08,confirmed_bibliographic,C_bibliographic,crossref,1,,,,,not_checked,official_or_institutional_confirmation,do not write candidate identity fields into the master project table
51268052,E,2012,regional,E08,confirmed_bibliographic,C_bibliographic,crossref,1,,,,,not_checked,official_or_institutional_confirmation,do not write candidate identity fields into the master project table
51269002,E,2012,regional,E09,confirmed_bibliographic,C_bibliographic,crossref,1,,,,,not_checked,official_or_institutional_confirmation,do not write candidate identity fields into the master project table
51269017,E,2012,regional,E09,confirmed_bibliographic,C_bibliographic,crossref,1,,,,,not_checked,official_or_institutional_confirmation,do not write candidate identity fields into the master project table
51272082,E,2012,general,E02,confirmed_bibliographic,C_bibliographic,crossref,2,,,,,not_checked,official_or_institutional_confirmation,do not write candidate identity fields into the master project table
51302192,E,2013,youth_c,E02,confirmed_bibliographic,C_bibliographic,crossref,1,,,,,not_checked,official_or_institutional_confirmation,do not write candidate identity fields into the master project table
51303119,E,2013,youth_c,E03,confirmed_bibliographic,C_bibliographic,crossref,1,,,,,not_checked,official_or_institutional_confirmation,do not write candidate identity fields into the master project table
51338005,E,2013,key,E08,confirmed_bibliographic,C_bibliographic,crossref,122,,,,,not_checked,official_or_institutional_confirmation,do not write candidate identity fields into the master project table
51365030,E,2013,regional,E05,confirmed_bibliographic,C_bibliographic,crossref,6,,,,,not_checked,official_or_institutional_confirmation,do not write candidate identity fields into the master project table
51368004,E,2013,regional,E08,confirmed_bibliographic,C_bibliographic,crossref,11,,,,,not_checked,official_or_institutional_confirmation,do not write candidate identity fields into the master project table
51368011,E,2013,regional,E08,confirmed_bibliographic,C_bibliographic,crossref,2,,,,,not_checked,official_or_institutional_confirmation,do not write candidate identity fields into the master project table
51368012,E,2013,regional,E08,confirmed_bibliographic,C_bibliographic,crossref,4,,,,,not_checked,official_or_institutional_confirmation,do not write candidate identity fields into the master project table
51368024,E,2013,regional,E08,confirmed_bibliographic,C_bibliographic,crossref,1,,,,,not_checked,official_or_institutional_confirmation,do not write candidate identity fields into the master project table
51368025,E,2013,regional,E08,confirmed_bibliographic,C_bibliographic,crossref,17,,,,,not_checked,official_or_institutional_confirmation,do not write candidate identity fields into the master project table
51368026,E,2013,regional,E08,confirmed_bibliographic,C_bibliographic,crossref,12,,,,,not_checked,official_or_institutional_confirmation,do not write candidate identity fields into the master project table
51368029,E,2013,regional,E08,confirmed_bibliographic,C_bibliographic,crossref,1,,,,,not_checked,official_or_institutional_confirmation,do not write candidate identity fields into the master project table
51368030,E,2013,regional,E08,confirmed_bibliographic,C_bibliographic,crossref,10,,,,,not_checked,official_or_institutional_confirmation,do not write candidate identity fields into the master project table
51368044,E,2013,regional,E08,confirmed_bibliographic,C_bibliographic,crossref,8,,,,,not_checked,official_or_institutional_confirmation,do not write candidate identity fields into the master project table
51368045,E,2013,regional,E08,confirmed_bibliographic,C_bibliographic,crossref,2,,,,,not_checked,official_or_institutional_confirmation,do not write candidate identity fields into the master project table
51368051,E,2013,regional,E08,confirmed_bibliographic,C_bibliographic,crossref,1,,,,,not_checked,official_or_institutional_confirmation,do not write candidate identity fields into the master project table
51369004,E,2013,regional,E09,confirmed_bibliographic,C_bibliographic,crossref,1,,,,,not_checked,official_or_institutional_confirmation,do not write candidate identity fields into the master project table
51369008,E,2013,regional,E09,confirmed_bibliographic,C_bibliographic,crossref,2,,,,,not_checked,official_or_institutional_confirmation,do not write candidate identity fields into the master project table
51369030,E,2013,regional,E09,confirmed_bibliographic,C_bibliographic,crossref,1,,,,,not_checked,official_or_institutional_confirmation,do not write candidate identity fields into the master project table
51371058,E,2013,general,E01,confirmed_bibliographic,C_bibliographic,crossref,1,,,,,not_checked,official_or_institutional_confirmation,do not write candidate identity fields into the master project table
51372147,E,2013,general,E02,confirmed_bibliographic,C_bibliographic,crossref,10,,,,,not_checked,official_or_institutional_confirmation,do not write candidate identity fields into the master project table
51375019,E,2013,general,E05,confirmed_bibliographic,C_bibliographic,crossref,1,,,,,not_checked,official_or_institutional_confirmation,do not write candidate identity fields into the master project table
51401218,E,2014,youth_c,E01,confirmed_bibliographic,C_bibliographic,crossref,3,,,,,not_checked,official_or_institutional_confirmation,do not write candidate identity fields into the master project table
51401229,E,2014,youth_c,E01,confirmed_bibliographic,C_bibliographic,crossref,2,,,,,not_checked,official_or_institutional_confirmation,do not write candidate identity fields into the master project table
51403158,E,2014,youth_c,E03,confirmed_bibliographic,C_bibliographic,crossref,14,,,,,not_checked,official_or_institutional_confirmation,do not write candidate identity fields into the master project table
51405515,E,2014,youth_c,E05,confirmed_bibliographic,C_bibliographic,crossref,9,,,,,not_checked,official_or_institutional_confirmation,do not write candidate identity fields into the master project table
51406211,E,2014,youth_c,E06,confirmed_bibliographic,C_bibliographic,crossref,1,,,,,not_checked,official_or_institutional_confirmation,do not write candidate identity fields into the master project table
51407099,E,2014,youth_c,E07,confirmed_bibliographic,C_bibliographic,crossref,3,,,,,not_checked,official_or_institutional_confirmation,do not write candidate identity fields into the master project table
51432005,E,2014,key,E02,confirmed_bibliographic,C_bibliographic,crossref,369,,,,,not_checked,official_or_institutional_confirmation,do not write candidate identity fields into the master project table
51438006,E,2014,key,E08,confirmed_bibliographic,C_bibliographic,crossref,41,,,,,not_checked,official_or_institutional_confirmation,do not write candidate identity fields into the master project table
51438008,E,2014,key,E08,confirmed_bibliographic,C_bibliographic,crossref,65,,,,,not_checked,official_or_institutional_confirmation,do not write candidate identity fields into the master project table
51468011,E,2014,regional,E08,confirmed_bibliographic,C_bibliographic,crossref,7,,,,,not_checked,official_or_institutional_confirmation,do not write candidate identity fields into the master project table
51468016,E,2014,regional,E08,confirmed_bibliographic,C_bibliographic,crossref,13,,,,,not_checked,official_or_institutional_confirmation,do not write candidate identity fields into the master project table
51468024,E,2014,regional,E08,confirmed_bibliographic,C_bibliographic,crossref,3,,,,,not_checked,official_or_institutional_confirmation,do not write candidate identity fields into the master project table
51468030,E,2014,regional,E08,confirmed_bibliographic,C_bibliographic,crossref,1,,,,,not_checked,official_or_institutional_confirmation,do not write candidate identity fields into the master project table
51468043,E,2014,regional,E08,confirmed_bibliographic,C_bibliographic,crossref,12,,,,,not_checked,official_or_institutional_confirmation,do not write candidate identity fields into the master project table
51468044,E,2014,regional,E08,confirmed_bibliographic,C_bibliographic,crossref,8,,,,,not_checked,official_or_institutional_confirmation,do not write candidate identity fields into the master project table
51468046,E,2014,regional,E08,confirmed_bibliographic,C_bibliographic,crossref,2,,,,,not_checked,official_or_institutional_confirmation,do not write candidate identity fields into the master project table
51468048,E,2014,regional,E08,confirmed_bibliographic,C_bibliographic,crossref,1,,,,,not_checked,official_or_institutional_confirmation,do not write candidate identity fields into the master project table
51468056,E,2014,regional,E08,confirmed_bibliographic,C_bibliographic,crossref,1,,,,,not_checked,official_or_institutional_confirmation,do not write candidate identity fields into the master project table
51469006,E,2014,regional,E09,confirmed_bibliographic,C_bibliographic,crossref,2,,,,,not_checked,official_or_institutional_confirmation,do not write candidate identity fields into the master project table
51469017,E,2014,regional,E09,confirmed_bibliographic,C_bibliographic,crossref,2,,,,,not_checked,official_or_institutional_confirmation,do not write candidate identity fields into the master project table
51469025,E,2014,regional,E09,confirmed_bibliographic,C_bibliographic,crossref,1,,,,,not_checked,official_or_institutional_confirmation,do not write candidate identity fields into the master project table
51469030,E,2014,regional,E09,confirmed_bibliographic,C_bibliographic,crossref,3,,,,,not_checked,official_or_institutional_confirmation,do not write candidate identity fields into the master project table
51501191,E,2015,youth_c,E01,confirmed_bibliographic,C_bibliographic,crossref,4,,,,,not_checked,official_or_institutional_confirmation,do not write candidate identity fields into the master project table
51502303,E,2015,youth_c,E02,confirmed_bibliographic,C_bibliographic,crossref,2,,,,,not_checked,official_or_institutional_confirmation,do not write candidate identity fields into the master project table
51504102,E,2015,youth_c,E04,confirmed_bibliographic,C_bibliographic,crossref,4,,,,,not_checked,official_or_institutional_confirmation,do not write candidate identity fields into the master project table
51505496,E,2015,youth_c,E05,confirmed_bibliographic,C_bibliographic,crossref,2,,,,,not_checked,official_or_institutional_confirmation,do not write candidate identity fields into the master project table
51538008,E,2015,key,E08,confirmed_bibliographic,C_bibliographic,crossref,38,,,,,not_checked,official_or_institutional_confirmation,do not write candidate identity fields into the master project table
51539008,E,2015,key,E09,confirmed_bibliographic,C_bibliographic,crossref,61,,,,,not_checked,official_or_institutional_confirmation,do not write candidate identity fields into the master project table
51569008,E,2015,regional,E09,confirmed_bibliographic,C_bibliographic,crossref,3,,,,,not_checked,official_or_institutional_confirmation,do not write candidate identity fields into the master project table
51569019,E,2015,regional,E09,confirmed_bibliographic,C_bibliographic,crossref,2,,,,,not_checked,official_or_institutional_confirmation,do not write candidate identity fields into the master project table
51569024,E,2015,regional,E09,confirmed_bibliographic,C_bibliographic,crossref,1,,,,,not_checked,official_or_institutional_confirmation,do not write candidate identity fields into the master project table
51576057,E,2015,general,E06,confirmed_bibliographic,C_bibliographic,crossref,12,,,,,not_checked,official_or_institutional_confirmation,do not write candidate identity fields into the master project table
51601096,E,2016,youth_c,E01,confirmed_bibliographic,C_bibliographic,crossref,3,,,,,not_checked,official_or_institutional_confirmation,do not write candidate identity fields into the master project table
51602158,E,2016,youth_c,E02,confirmed_bibliographic,C_bibliographic,crossref,6,,,,,not_checked,official_or_institutional_confirmation,do not write candidate identity fields into the master project table
51605448,E,2016,youth_c,E05,confirmed_bibliographic,C_bibliographic,crossref,4,,,,,not_checked,official_or_institutional_confirmation,do not write candidate identity fields into the master project table
51634005,E,2016,key,E04,confirmed_bibliographic,C_bibliographic,crossref,20,,,,,not_checked,official_or_institutional_confirmation,do not write candidate identity fields into the master project table
51662003,E,2016,regional,E02,confirmed_bibliographic,C_bibliographic,crossref,6,,,,,not_checked,official_or_institutional_confirmation,do not write candidate identity fields into the master project table
51666009,E,2016,regional,E06,confirmed_bibliographic,C_bibliographic,crossref,1,,,,,not_checked,official_or_institutional_confirmation,do not write candidate identity fields into the master project table
51669011,E,2016,regional,E09,confirmed_bibliographic,C_bibliographic,crossref,4,,,,,not_checked,official_or_institutional_confirmation,do not write candidate identity fields into the master project table
51669021,E,2016,regional,E09,confirmed_bibliographic,C_bibliographic,crossref,3,,,,,not_checked,official_or_institutional_confirmation,do not write candidate identity fields into the master project table
51669022,E,2016,regional,E09,confirmed_bibliographic,C_bibliographic,crossref,4,,,,,not_checked,official_or_institutional_confirmation,do not write candidate identity fields into the master project table
51669028,E,2016,regional,E09,confirmed_bibliographic,C_bibliographic,crossref,9,,,,,not_checked,official_or_institutional_confirmation,do not write candidate identity fields into the master project table
51669029,E,2016,regional,E09,confirmed_bibliographic,C_bibliographic,crossref,2,,,,,not_checked,official_or_institutional_confirmation,do not write candidate identity fields into the master project table
51672191,E,2016,general,E02,confirmed_bibliographic,C_bibliographic,crossref,12,,,,,not_checked,official_or_institutional_confirmation,do not write candidate identity fields into the master project table
51675468,E,2016,general,E05,confirmed_bibliographic,C_bibliographic,crossref,1,,,,,not_checked,official_or_institutional_confirmation,do not write candidate identity fields into the master project table
51701178,E,2017,youth_c,E01,confirmed_bibliographic,C_bibliographic,crossref,3,,,,,not_checked,official_or_institutional_confirmation,do not write candidate identity fields into the master project table
51702252,E,2017,youth_c,E02,confirmed_bibliographic,C_bibliographic,crossref,4,,,,,not_checked,official_or_institutional_confirmation,do not write candidate identity fields into the master project table
51705150,E,2017,youth_c,E05,confirmed_bibliographic,C_bibliographic,crossref,1,,,,,not_checked,official_or_institutional_confirmation,do not write candidate identity fields into the master project table
51706003,E,2017,youth_c,E06,confirmed_bibliographic,C_bibliographic,crossref,1,,,,,not_checked,official_or_institutional_confirmation,do not write candidate identity fields into the master project table
51732002,E,2017,key,E02,confirmed_bibliographic,C_bibliographic,crossref,38,,,,,not_checked,official_or_institutional_confirmation,do not write candidate identity fields into the master project table
51738005,E,2017,key,E08,confirmed_bibliographic,C_bibliographic,crossref,64,,,,,not_checked,official_or_institutional_confirmation,do not write candidate identity fields into the master project table
51764014,E,2017,regional,E04,confirmed_bibliographic,C_bibliographic,crossref,5,,,,,not_checked,official_or_institutional_confirmation,do not write candidate identity fields into the master project table
51769003,E,2017,regional,E09,confirmed_bibliographic,C_bibliographic,crossref,5,,,,,not_checked,official_or_institutional_confirmation,do not write candidate identity fields into the master project table
51769004,E,2017,regional,E09,confirmed_bibliographic,C_bibliographic,crossref,3,,,,,not_checked,official_or_institutional_confirmation,do not write candidate identity fields into the master project table
51769006,E,2017,regional,E09,confirmed_bibliographic,C_bibliographic,crossref,10,,,,,not_checked,official_or_institutional_confirmation,do not write candidate identity fields into the master project table
51769015,E,2017,regional,E09,confirmed_bibliographic,C_bibliographic,crossref,5,,,,,not_checked,official_or_institutional_confirmation,do not write candidate identity fields into the master project table
51769034,E,2017,regional,E09,confirmed_bibliographic,C_bibliographic,crossref,12,,,,,not_checked,official_or_institutional_confirmation,do not write candidate identity fields into the master project table
51771187,E,2017,general,E01,confirmed_bibliographic,C_bibliographic,crossref,9,,,,,not_checked,official_or_institutional_confirmation,do not write candidate identity fields into the master project table
51774189,E,2017,general,E04,confirmed_bibliographic,C_bibliographic,crossref,10,,,,,not_checked,official_or_institutional_confirmation,do not write candidate identity fields into the master project table
51775530,E,2017,general,E05,confirmed_bibliographic,C_bibliographic,crossref,4,,,,,not_checked,official_or_institutional_confirmation,do not write candidate identity fields into the master project table
51804047,E,2018,youth_c,E04,confirmed_bibliographic,C_bibliographic,crossref,1,,,,,not_checked,official_or_institutional_confirmation,do not write candidate identity fields into the master project table
51807031,E,2018,youth_c,E07,confirmed_bibliographic,C_bibliographic,crossref,6,,,,,not_checked,official_or_institutional_confirmation,do not write candidate identity fields into the master project table
51838005,E,2018,key,E08,confirmed_bibliographic,C_bibliographic,crossref,71,,,,,not_checked,official_or_institutional_confirmation,do not write candidate identity fields into the master project table
51838009,E,2018,key,E08,confirmed_bibliographic,C_bibliographic,crossref,62,,,,,not_checked,official_or_institutional_confirmation,do not write candidate identity fields into the master project table
51862030,E,2018,regional,E02,confirmed_bibliographic,C_bibliographic,crossref,5,,,,,not_checked,official_or_institutional_confirmation,do not write candidate identity fields into the master project table
51869006,E,2018,regional,E09,confirmed_bibliographic,C_bibliographic,crossref,9,,,,,not_checked,official_or_institutional_confirmation,do not write candidate identity fields into the master project table
51869012,E,2018,regional,E09,confirmed_bibliographic,C_bibliographic,crossref,12,,,,,not_checked,official_or_institutional_confirmation,do not write candidate identity fields into the master project table
51869014,E,2018,regional,E09,confirmed_bibliographic,C_bibliographic,crossref,17,,,,,not_checked,official_or_institutional_confirmation,do not write candidate identity fields into the master project table
51869020,E,2018,regional,E09,confirmed_bibliographic,C_bibliographic,crossref,7,,,,,not_checked,official_or_institutional_confirmation,do not write candidate identity fields into the master project table
51869021,E,2018,regional,E09,confirmed_bibliographic,C_bibliographic,crossref,1,,,,,not_checked,official_or_institutional_confirmation,do not write candidate identity fields into the master project table
51872101,E,2018,general,E02,confirmed_bibliographic,C_bibliographic,crossref,27,,,,,not_checked,official_or_institutional_confirmation,do not write candidate identity fields into the master project table
51874094,E,2018,general,E04,confirmed_bibliographic,C_bibliographic,crossref,8,,,,,not_checked,official_or_institutional_confirmation,do not write candidate identity fields into the master project table
51875186,E,2018,general,E05,confirmed_bibliographic,C_bibliographic,crossref,5,,,,,not_checked,official_or_institutional_confirmation,do not write candidate identity fields into the master project table
51902352,E,2019,youth_c,E02,confirmed_bibliographic,C_bibliographic,crossref,1,,,,,not_checked,official_or_institutional_confirmation,do not write candidate identity fields into the master project table
51904231,E,2019,youth_c,E04,confirmed_bibliographic,C_bibliographic,crossref,1,,,,,not_checked,official_or_institutional_confirmation,do not write candidate identity fields into the master project table
51938007,E,2019,key,E08,confirmed_bibliographic,C_bibliographic,crossref,54,,,,,not_checked,official_or_institutional_confirmation,do not write candidate identity fields into the master project table
51938010,E,2019,key,E08,confirmed_bibliographic,C_bibliographic,crossref,45,,,,,not_checked,official_or_institutional_confirmation,do not write candidate identity fields into the master project table
51939009,E,2019,key,E09,confirmed_bibliographic,C_bibliographic,crossref,49,,,,,not_checked,official_or_institutional_confirmation,do not write candidate identity fields into the master project table
51965048,E,2019,regional,E05,confirmed_bibliographic,C_bibliographic,crossref,1,,,,,not_checked,official_or_institutional_confirmation,do not write candidate identity fields into the master project table
51969005,E,2019,regional,E09,confirmed_bibliographic,C_bibliographic,crossref,2,,,,,not_checked,official_or_institutional_confirmation,do not write candidate identity fields into the master project table
51969008,E,2019,regional,E09,confirmed_bibliographic,C_bibliographic,crossref,5,,,,,not_checked,official_or_institutional_confirmation,do not write candidate identity fields into the master project table
51972310,E,2019,general,E02,confirmed_bibliographic,C_bibliographic,crossref,11,,,,,not_checked,official_or_institutional_confirmation,do not write candidate identity fields into the master project table
51972311,E,2019,general,E02,confirmed_bibliographic,C_bibliographic,crossref,2,,,,,not_checked,official_or_institutional_confirmation,do not write candidate identity fields into the master project table
51973174,E,2019,general,E03,confirmed_bibliographic,C_bibliographic,crossref,3,,,,,not_checked,official_or_institutional_confirmation,do not write candidate identity fields into the master project table
51974216,E,2019,general,E04,confirmed_bibliographic,C_bibliographic,crossref,14,,,,,not_checked,official_or_institutional_confirmation,do not write candidate identity fields into the master project table
51975033,E,2019,general,E05,confirmed_bibliographic,C_bibliographic,crossref,6,,,,,not_checked,official_or_institutional_confirmation,do not write candidate identity fields into the master project table
51975359,E,2019,general,E05,confirmed_bibliographic,C_bibliographic,crossref,4,,,,,not_checked,official_or_institutional_confirmation,do not write candidate identity fields into the master project table
51977129,E,2019,general,E07,confirmed_bibliographic,C_bibliographic,crossref,2,,,,,not_checked,official_or_institutional_confirmation,do not write candidate identity fields into the master project table
52000138,E,2020,youth_c,E10,confirmed_bibliographic,C_bibliographic,crossref,5,,,,,not_checked,official_or_institutional_confirmation,do not write candidate identity fields into the master project table
52000141,E,2020,youth_c,E10,confirmed_bibliographic,C_bibliographic,crossref,3,,,,,not_checked,official_or_institutional_confirmation,do not write candidate identity fields into the master project table
52005411,E,2020,youth_c,E05,confirmed_bibliographic,C_bibliographic,crossref,14,,,,,not_checked,official_or_institutional_confirmation,do not write candidate identity fields into the master project table
52007116,E,2020,youth_c,E07,confirmed_bibliographic,C_bibliographic,crossref,1,,,,,not_checked,official_or_institutional_confirmation,do not write candidate identity fields into the master project table
52008101,E,2020,youth_c,E08,confirmed_bibliographic,C_bibliographic,crossref,1,,,,,not_checked,official_or_institutional_confirmation,do not write candidate identity fields into the master project table
52008397,E,2020,youth_c,E08,confirmed_bibliographic,C_bibliographic,crossref,5,,,,,not_checked,official_or_institutional_confirmation,do not write candidate identity fields into the master project table
52065039,E,2020,regional,E05,confirmed_bibliographic,C_bibliographic,crossref,2,,,,,not_checked,official_or_institutional_confirmation,do not write candidate identity fields into the master project table
52068003,E,2020,regional,E08,confirmed_bibliographic,C_bibliographic,crossref,2,,,,,not_checked,official_or_institutional_confirmation,do not write candidate identity fields into the master project table
52075115,E,2020,general,E05,confirmed_bibliographic,C_bibliographic,crossref,9,,,,,not_checked,official_or_institutional_confirmation,do not write candidate identity fields into the master project table
52075345,E,2020,general,E05,confirmed_bibliographic,C_bibliographic,crossref,7,,,,,not_checked,official_or_institutional_confirmation,do not write candidate identity fields into the master project table
52079144,E,2020,general,E09,confirmed_bibliographic,C_bibliographic,crossref,1,,,,,not_checked,official_or_institutional_confirmation,do not write candidate identity fields into the master project table
52100193,E,2021,youth_c,E10,confirmed_bibliographic,C_bibliographic,crossref,2,,,,,not_checked,official_or_institutional_confirmation,do not write candidate identity fields into the master project table
52101061,E,2021,youth_c,E01,confirmed_bibliographic,C_bibliographic,crossref,21,,,,,not_checked,official_or_institutional_confirmation,do not write candidate identity fields into the master project table
52102047,E,2021,youth_c,E02,confirmed_bibliographic,C_bibliographic,crossref,3,,,,,not_checked,official_or_institutional_confirmation,do not write candidate identity fields into the master project table
52105012,E,2021,youth_c,E05,confirmed_bibliographic,C_bibliographic,crossref,22,,,,,not_checked,official_or_institutional_confirmation,do not write candidate identity fields into the master project table
52105199,E,2021,youth_c,E05,confirmed_bibliographic,C_bibliographic,crossref,3,,,,,not_checked,official_or_institutional_confirmation,do not write candidate identity fields into the master project table
52105285,E,2021,youth_c,E05,confirmed_bibliographic,C_bibliographic,crossref,4,,,,,not_checked,official_or_institutional_confirmation,do not write candidate identity fields into the master project table
52105436,E,2021,youth_c,E05,confirmed_bibliographic,C_bibliographic,crossref,2,,,,,not_checked,official_or_institutional_confirmation,do not write candidate identity fields into the master project table
52105476,E,2021,youth_c,E05,confirmed_bibliographic,C_bibliographic,crossref,4,,,,,not_checked,official_or_institutional_confirmation,do not write candidate identity fields into the master project table
52108229,E,2021,youth_c,E08,confirmed_bibliographic,C_bibliographic,crossref,2,,,,,not_checked,official_or_institutional_confirmation,do not write candidate identity fields into the master project table
52108449,E,2021,youth_c,E08,confirmed_bibliographic,C_bibliographic,crossref,6,,,,,not_checked,official_or_institutional_confirmation,do not write candidate identity fields into the master project table
52108479,E,2021,youth_c,E08,confirmed_bibliographic,C_bibliographic,crossref,6,,,,,not_checked,official_or_institutional_confirmation,do not write candidate identity fields into the master project table
59778016,E,1997,general,E08,confirmed_bibliographic,C_bibliographic,crossref,1,,,,,not_checked,official_or_institutional_confirmation,do not write candidate identity fields into the master project table
59978020,E,1999,general,E08,confirmed_bibliographic,C_bibliographic,crossref,1,,,,,not_checked,official_or_institutional_confirmation,do not write candidate identity fields into the master project table
90715029,E,2007,major_research_plan,E08,confirmed_bibliographic,C_bibliographic,crossref,4,,,,,not_checked,official_or_institutional_confirmation,do not write candidate identity fields into the master project table
90715031,E,2007,major_research_plan,E08,confirmed_bibliographic,C_bibliographic,crossref,1,,,,,not_checked,official_or_institutional_confirmation,do not write candidate identity fields into the master project table
90815001,E,2008,major_research_plan,E08,confirmed_bibliographic,C_bibliographic,crossref,1,,,,,not_checked,official_or_institutional_confirmation,do not write candidate identity fields into the master project table
91022021,B,2010,major_research_plan,B05,confirmed_bibliographic,C_bibliographic,crossref,1,,,,,not_checked,official_or_institutional_confirmation,do not write candidate identity fields into the master project table
91023039,E,2010,major_research_plan,E05,confirmed_bibliographic,C_bibliographic,crossref,5,,,,,not_checked,official_or_institutional_confirmation,do not write candidate identity fields into the master project table
91023040,E,2010,major_research_plan,E05,confirmed_bibliographic,C_bibliographic,crossref,4,,,,,not_checked,official_or_institutional_confirmation,do not write candidate identity fields into the master project table
91023041,E,2010,major_research_plan,E05,confirmed_bibliographic,C_bibliographic,crossref,16,,,,,not_checked,official_or_institutional_confirmation,do not write candidate identity fields into the master project table
U1706225,E,2017,joint_fund,E11,confirmed_bibliographic,C_bibliographic,crossref,30,,,,,not_checked,official_or_institutional_confirmation,do not write candidate identity fields into the master project table
U1713205,E,2017,joint_fund,E05,confirmed_bibliographic,C_bibliographic,crossref,13,,,,,not_checked,official_or_institutional_confirmation,do not write candidate identity fields into the master project table
U1810110,E,2018,joint_fund,E01,confirmed_bibliographic,C_bibliographic,crossref,46,,,,,not_checked,official_or_institutional_confirmation,do not write candidate identity fields into the master project table
U1909219,E,2019,joint_fund,E05,confirmed_bibliographic,C_bibliographic,crossref,34,,,,,not_checked,official_or_institutional_confirmation,do not write candidate identity fields into the master project table
