project_type,discipline_scope,format_family,template,start_year,end_year,observed_year_count,observed_project_count,program_codes,evidence_scope
general,B01,numeric8,2{YY}70{SERIAL:03d},1986,1991,6,503,70,official_completed_subset
general,B01,numeric8,2{YY}71{SERIAL:03d},1992,2020,29,2362,71,official_completed_subset
general,B01,numeric8,2{YY}72{SERIAL:03d},1992,2017,26,2259,72,official_completed_subset
general,B01,numeric8,2{YY}74{SERIAL:03d},1992,2017,26,719,74,official_completed_subset
general,B02,numeric8,2{YY}70{SERIAL:03d},1987,1991,5,205,70,official_completed_subset
general,B02,numeric8,2{YY}71{SERIAL:03d},1996,1999,4,6,71,official_completed_subset
general,B02,numeric8,2{YY}71{SERIAL:03d},2002,2004,3,4,71,official_completed_subset
general,B02,numeric8,2{YY}71{SERIAL:03d},2007,2007,1,1,71,official_completed_subset
general,B02,numeric8,2{YY}71{SERIAL:03d},2009,2017,9,34,71,official_completed_subset
general,B02,numeric8,2{YY}72{SERIAL:03d},2018,2020,3,534,72,official_completed_subset
general,B02,numeric8,2{YY}73{SERIAL:03d},1992,2017,26,1907,73,official_completed_subset
general,B02,numeric8,2{YY}74{SERIAL:03d},1995,1995,1,2,74,official_completed_subset
general,B02,numeric8,2{YY}74{SERIAL:03d},1998,1998,1,1,74,official_completed_subset
general,B02,numeric8,2{YY}74{SERIAL:03d},2000,2000,1,1,74,official_completed_subset
general,B02,numeric8,2{YY}74{SERIAL:03d},2002,2017,16,54,74,official_completed_subset
general,B02,numeric8,2{YY}75{SERIAL:03d},1995,1996,2,6,75,official_completed_subset
general,B02,numeric8,2{YY}75{SERIAL:03d},1998,1998,1,1,75,official_completed_subset
general,B02,numeric8,2{YY}75{SERIAL:03d},2000,2000,1,3,75,official_completed_subset
general,B02,numeric8,2{YY}75{SERIAL:03d},2004,2005,2,2,75,official_completed_subset
general,B02,numeric8,2{YY}75{SERIAL:03d},2008,2012,5,7,75,official_completed_subset
general,B02,numeric8,2{YY}75{SERIAL:03d},2015,2015,1,1,75,official_completed_subset
general,B03,numeric8,2{YY}70{SERIAL:03d},1986,1991,6,417,70,official_completed_subset
general,B03,numeric8,2{YY}71{SERIAL:03d},1992,2017,26,239,71,official_completed_subset
general,B03,numeric8,2{YY}72{SERIAL:03d},1992,2017,26,158,72,official_completed_subset
general,B03,numeric8,2{YY}73{SERIAL:03d},1992,2020,29,2077,73,official_completed_subset
general,B03,numeric8,2{YY}74{SERIAL:03d},1992,2017,26,412,74,official_completed_subset
general,B03,numeric8,2{YY}75{SERIAL:03d},1992,2017,26,112,75,official_completed_subset
general,B04,numeric8,2{YY}70{SERIAL:03d},1986,1991,6,349,70,official_completed_subset
general,B04,numeric8,2{YY}71{SERIAL:03d},1992,1992,1,3,71,official_completed_subset
general,B04,numeric8,2{YY}71{SERIAL:03d},1995,1996,2,2,71,official_completed_subset
general,B04,numeric8,2{YY}71{SERIAL:03d},1999,1999,1,1,71,official_completed_subset
general,B04,numeric8,2{YY}71{SERIAL:03d},2001,2001,1,1,71,official_completed_subset
general,B04,numeric8,2{YY}71{SERIAL:03d},2003,2004,2,2,71,official_completed_subset
general,B04,numeric8,2{YY}71{SERIAL:03d},2008,2008,1,1,71,official_completed_subset
general,B04,numeric8,2{YY}71{SERIAL:03d},2010,2012,3,7,71,official_completed_subset
general,B04,numeric8,2{YY}71{SERIAL:03d},2014,2017,4,5,71,official_completed_subset
general,B04,numeric8,2{YY}72{SERIAL:03d},1992,1994,3,5,72,official_completed_subset
general,B04,numeric8,2{YY}72{SERIAL:03d},1996,1996,1,1,72,official_completed_subset
general,B04,numeric8,2{YY}72{SERIAL:03d},2001,2001,1,1,72,official_completed_subset
general,B04,numeric8,2{YY}72{SERIAL:03d},2004,2017,14,38,72,official_completed_subset
general,B04,numeric8,2{YY}74{SERIAL:03d},1992,1996,5,12,74,official_completed_subset
general,B04,numeric8,2{YY}74{SERIAL:03d},1998,1998,1,2,74,official_completed_subset
general,B04,numeric8,2{YY}74{SERIAL:03d},2000,2013,14,84,74,official_completed_subset
general,B04,numeric8,2{YY}74{SERIAL:03d},2018,2020,3,475,74,official_completed_subset
general,B04,numeric8,2{YY}75{SERIAL:03d},1992,2017,26,2170,75,official_completed_subset
general,B05,numeric8,2{YY}70{SERIAL:03d},1986,1991,6,208,70,official_completed_subset
general,B05,numeric8,2{YY}71{SERIAL:03d},1995,1995,1,1,71,official_completed_subset
general,B05,numeric8,2{YY}71{SERIAL:03d},2003,2004,2,2,71,official_completed_subset
general,B05,numeric8,2{YY}71{SERIAL:03d},2008,2016,9,275,71,official_completed_subset
general,B05,numeric8,2{YY}72{SERIAL:03d},1992,2016,25,196,72,official_completed_subset
general,B05,numeric8,2{YY}73{SERIAL:03d},2014,2016,3,45,73,official_completed_subset
general,B05,numeric8,2{YY}74{SERIAL:03d},1992,2016,25,930,74,official_completed_subset
general,B05_legacy_material_energy,numeric8,2{YY}71{SERIAL:03d},2017,2017,1,54,71,official_completed_subset
general,B05_legacy_material_energy,numeric8,2{YY}72{SERIAL:03d},2017,2017,1,4,72,official_completed_subset
general,B05_legacy_material_energy,numeric8,2{YY}73{SERIAL:03d},2017,2017,1,19,73,official_completed_subset
general,B05_legacy_material_energy,numeric8,2{YY}74{SERIAL:03d},2017,2017,1,54,74,official_completed_subset
general,B05_legacy_material_energy,numeric8,2{YY}75{SERIAL:03d},2018,2020,3,528,75,official_completed_subset
general,B06,numeric8,2{YY}70{SERIAL:03d},1987,1991,5,92,70,official_completed_subset
general,B06,numeric8,2{YY}71{SERIAL:03d},1992,1992,1,1,71,official_completed_subset
general,B06,numeric8,2{YY}71{SERIAL:03d},1994,2001,8,18,71,official_completed_subset
general,B06,numeric8,2{YY}71{SERIAL:03d},2003,2017,15,58,71,official_completed_subset
general,B06,numeric8,2{YY}73{SERIAL:03d},1995,1995,1,1,73,official_completed_subset
general,B06,numeric8,2{YY}73{SERIAL:03d},2004,2004,1,1,73,official_completed_subset
general,B06,numeric8,2{YY}73{SERIAL:03d},2006,2006,1,1,73,official_completed_subset
general,B06,numeric8,2{YY}73{SERIAL:03d},2009,2009,1,1,73,official_completed_subset
general,B06,numeric8,2{YY}73{SERIAL:03d},2011,2011,1,2,73,official_completed_subset
general,B06,numeric8,2{YY}73{SERIAL:03d},2014,2017,4,4,73,official_completed_subset
general,B06,numeric8,2{YY}76{SERIAL:03d},1993,1993,1,1,76,official_completed_subset
general,B06,numeric8,2{YY}76{SERIAL:03d},1996,1996,1,1,76,official_completed_subset
general,B06,numeric8,2{YY}76{SERIAL:03d},1998,1998,1,1,76,official_completed_subset
general,B06,numeric8,2{YY}76{SERIAL:03d},2001,2001,1,1,76,official_completed_subset
general,B06,numeric8,2{YY}76{SERIAL:03d},2004,2013,10,21,76,official_completed_subset
general,B06,numeric8,2{YY}76{SERIAL:03d},2018,2020,3,652,76,official_completed_subset
general,B06,numeric8,2{YY}77{SERIAL:03d},1992,2017,26,2281,77,official_completed_subset
general,B07,numeric8,2{YY}70{SERIAL:03d},1987,1991,5,142,70,official_completed_subset
general,B07,numeric8,2{YY}71{SERIAL:03d},1992,2017,26,310,71,official_completed_subset
general,B07,numeric8,2{YY}72{SERIAL:03d},1992,2017,26,1098,72,official_completed_subset
general,B07,numeric8,2{YY}73{SERIAL:03d},1992,1992,1,1,73,official_completed_subset
general,B07,numeric8,2{YY}73{SERIAL:03d},1994,1995,2,2,73,official_completed_subset
general,B07,numeric8,2{YY}73{SERIAL:03d},1998,2003,6,9,73,official_completed_subset
general,B07,numeric8,2{YY}73{SERIAL:03d},2006,2017,12,117,73,official_completed_subset
general,B07,numeric8,2{YY}77{SERIAL:03d},2018,2020,3,405,77,official_completed_subset
general,B07,numeric8,2{YY}78{SERIAL:03d},2017,2017,1,79,78,official_completed_subset
general,B07,numeric8,2{YY}79{SERIAL:03d},1988,1988,1,1,79,official_completed_subset
general,B08,numeric8,2{YY}70{SERIAL:03d},1986,1991,6,260,70,official_completed_subset
general,B08,numeric8,2{YY}72{SERIAL:03d},1993,1993,1,1,72,official_completed_subset
general,B08,numeric8,2{YY}72{SERIAL:03d},1995,1995,1,1,72,official_completed_subset
general,B08,numeric8,2{YY}72{SERIAL:03d},1997,2002,6,12,72,official_completed_subset
general,B08,numeric8,2{YY}72{SERIAL:03d},2004,2015,12,29,72,official_completed_subset
general,B08,numeric8,2{YY}73{SERIAL:03d},2008,2008,1,1,73,official_completed_subset
general,B08,numeric8,2{YY}73{SERIAL:03d},2010,2013,4,16,73,official_completed_subset
general,B08,numeric8,2{YY}73{SERIAL:03d},2015,2017,3,4,73,official_completed_subset
general,B08,numeric8,2{YY}76{SERIAL:03d},1992,2017,26,3854,76,official_completed_subset
general,B08,numeric8,2{YY}78{SERIAL:03d},2018,2020,3,1049,78,official_completed_subset
general,B09,numeric8,2{YY}73{SERIAL:03d},2008,2017,10,138,73,official_completed_subset
general,B09,numeric8,2{YY}74{SERIAL:03d},1993,1993,1,1,74,official_completed_subset
general,B09,numeric8,2{YY}74{SERIAL:03d},1995,1995,1,2,74,official_completed_subset
general,B09,numeric8,2{YY}74{SERIAL:03d},1997,1997,1,1,74,official_completed_subset
general,B09,numeric8,2{YY}74{SERIAL:03d},2002,2009,8,19,74,official_completed_subset
general,B09,numeric8,2{YY}74{SERIAL:03d},2011,2017,7,23,74,official_completed_subset
general,B09,numeric8,2{YY}75{SERIAL:03d},2018,2020,3,386,75,official_completed_subset
joint_fund,B01,alpha_numeric,U{YY}04{SERIAL:03d},2012,2015,4,14,U1204;U1304;U1404;U1504,official_completed_subset
joint_fund,B01,alpha_numeric,U{YY}04{SERIAL:03d},2020,2020,1,8,U2004,official_completed_subset
joint_fund,B01,alpha_numeric,U{YY}07{SERIAL:03d},2014,2014,1,2,U1407,official_completed_subset
joint_fund,B01,numeric8,2{YY}34{SERIAL:03d},2003,2003,1,1,34,official_completed_subset
joint_fund,B01,other,U19A2{SERIAL:03d},2019,2019,1,1,U19A2,official_completed_subset
joint_fund,B02,alpha_numeric,U{YY}04{SERIAL:03d},2012,2015,4,10,U1204;U1304;U1404;U1504,official_completed_subset
joint_fund,B02,alpha_numeric,U{YY}04{SERIAL:03d},2020,2020,1,3,U2004,official_completed_subset
joint_fund,B02,alpha_numeric,U{YY}10{SERIAL:03d},2015,2016,2,4,U1510;U1610,official_completed_subset
joint_fund,B02,numeric8,2{YY}22{SERIAL:03d},2001,2002,2,2,22,official_completed_subset
joint_fund,B02,numeric8,2{YY}33{SERIAL:03d},2002,2003,2,2,33,official_completed_subset
joint_fund,B02,numeric8,2{YY}33{SERIAL:03d},2007,2007,1,1,33,official_completed_subset
joint_fund,B02,other,U20A20{SERIAL:03d},2020,2020,1,2,U20A20,official_completed_subset
joint_fund,B03,alpha_numeric,U{YY}04{SERIAL:03d},2012,2015,4,8,U1204;U1304;U1404;U1504,official_completed_subset
joint_fund,B03,alpha_numeric,U{YY}10{SERIAL:03d},2015,2015,1,2,U1510,official_completed_subset
joint_fund,B03,numeric8,2{YY}33{SERIAL:03d},2007,2007,1,1,33,official_completed_subset
joint_fund,B03,numeric8,2{YY}34{SERIAL:03d},2007,2007,1,2,34,official_completed_subset
joint_fund,B04,alpha_numeric,U{YY}04{SERIAL:03d},2012,2015,4,8,U1204;U1304;U1404;U1504,official_completed_subset
joint_fund,B04,alpha_numeric,U{YY}04{SERIAL:03d},2020,2020,1,1,U2004,official_completed_subset
joint_fund,B04,alpha_numeric,U{YY}36{SERIAL:03d},2017,2017,1,3,U1736,official_completed_subset
joint_fund,B04,other,U20A20{SERIAL:03d},2020,2020,1,1,U20A20,official_completed_subset
joint_fund,B05,alpha_numeric,U{YY}04{SERIAL:03d},2012,2015,4,11,U1204;U1304;U1404;U1504,official_completed_subset
joint_fund,B05,alpha_numeric,U{YY}07{SERIAL:03d},2014,2014,1,2,U1407,official_completed_subset
joint_fund,B05,alpha_numeric,U{YY}34{SERIAL:03d},2006,2006,1,1,U0634,official_completed_subset
joint_fund,B05_legacy_material_energy,alpha_numeric,U{YY}04{SERIAL:03d},2020,2020,1,1,U2004,official_completed_subset
joint_fund,B05_legacy_material_energy,other,U20A20{SERIAL:03d},2020,2020,1,2,U20A20,official_completed_subset
joint_fund,B05_legacy_material_energy,other,U20B2{SERIAL:03d},2020,2020,1,2,U20B2,official_completed_subset
joint_fund,B06,alpha_numeric,U{YY}04{SERIAL:03d},2013,2015,3,3,U1304;U1404;U1504,official_completed_subset
joint_fund,B06,alpha_numeric,U{YY}07{SERIAL:03d},2014,2014,1,1,U1407,official_completed_subset
joint_fund,B06,alpha_numeric,U{YY}67{SERIAL:03d},2018,2020,3,17,U1867;U1967;U2067,official_completed_subset
joint_fund,B06,numeric8,2{YY}22{SERIAL:03d},2001,2001,1,2,22,official_completed_subset
joint_fund,B06,numeric8,2{YY}22{SERIAL:03d},2003,2003,1,3,22,official_completed_subset
joint_fund,B06,other,U20A20{SERIAL:03d},2020,2020,1,6,U20A20,official_completed_subset
joint_fund,B06,other,U20B2{SERIAL:03d},2020,2020,1,3,U20B2,official_completed_subset
joint_fund,B07,alpha_numeric,U{YY}04{SERIAL:03d},2012,2013,2,5,U1204;U1304,official_completed_subset
joint_fund,B07,alpha_numeric,U{YY}04{SERIAL:03d},2015,2015,1,3,U1504,official_completed_subset
joint_fund,B07,alpha_numeric,U{YY}67{SERIAL:03d},2019,2019,1,2,U1967,official_completed_subset
joint_fund,B07,other,U20A20{SERIAL:03d},2020,2020,1,3,U20A20,official_completed_subset
joint_fund,B08,alpha_numeric,U{YY}04{SERIAL:03d},2012,2015,4,5,U1204;U1304;U1404;U1504,official_completed_subset
joint_fund,B08,alpha_numeric,U{YY}04{SERIAL:03d},2020,2020,1,3,U2004,official_completed_subset
joint_fund,B08,alpha_numeric,U{YY}07{SERIAL:03d},2014,2017,4,94,U1407;U1507;U1607;U1707,official_completed_subset
joint_fund,B08,alpha_numeric,U{YY}08{SERIAL:03d},2015,2016,2,9,U1508;U1608,official_completed_subset
joint_fund,B08,alpha_numeric,U{YY}08{SERIAL:03d},2019,2019,1,4,U1908,official_completed_subset
joint_fund,B08,alpha_numeric,U{YY}10{SERIAL:03d},2015,2017,3,27,U1510;U1610;U1710,official_completed_subset
joint_fund,B08,alpha_numeric,U{YY}10{SERIAL:03d},2019,2019,1,3,U1910,official_completed_subset
joint_fund,B08,alpha_numeric,U{YY}33{SERIAL:03d},2006,2007,2,2,U0633;U0733,official_completed_subset
joint_fund,B08,alpha_numeric,U{YY}62{SERIAL:03d},2011,2011,1,37,U1162,official_completed_subset
joint_fund,B08,alpha_numeric,U{YY}62{SERIAL:03d},2013,2014,2,54,U1362;U1462,official_completed_subset
joint_fund,B08,alpha_numeric,U{YY}62{SERIAL:03d},2016,2016,1,39,U1662,official_completed_subset
joint_fund,B08,alpha_numeric,U{YY}62{SERIAL:03d},2018,2018,1,27,U1862,official_completed_subset
joint_fund,B08,alpha_numeric,U{YY}63{SERIAL:03d},2014,2014,1,10,U1463,official_completed_subset
joint_fund,B08,alpha_numeric,U{YY}63{SERIAL:03d},2016,2016,1,10,U1663,official_completed_subset
joint_fund,B08,numeric8,2{YY}22{SERIAL:03d},2001,2001,1,1,22,official_completed_subset
joint_fund,B08,numeric8,2{YY}22{SERIAL:03d},2004,2004,1,1,22,official_completed_subset
joint_fund,B08,numeric8,2{YY}36{SERIAL:03d},2002,2002,1,1,36,official_completed_subset
joint_fund,B08,numeric8,2{YY}36{SERIAL:03d},2007,2007,1,3,36,official_completed_subset
joint_fund,B08,numeric8,2{YY}76{SERIAL:03d},2001,2001,1,2,76,official_completed_subset
joint_fund,B08,numeric8,5{YY}76{SERIAL:03d},2008,2008,1,1,76,official_completed_subset
joint_fund,B08,other,U19B2{SERIAL:03d},2019,2019,1,3,U19B2,official_completed_subset
joint_fund,B08,other,U20A20{SERIAL:03d},2020,2020,1,17,U20A20,official_completed_subset
joint_fund,B08,other,U20B2{SERIAL:03d},2020,2020,1,3,U20B2,official_completed_subset
joint_fund,B09,other,U19A2{SERIAL:03d},2019,2019,1,5,U19A2,official_completed_subset
joint_fund,B09,other,U20A20{SERIAL:03d},2020,2020,1,5,U20A20,official_completed_subset
key,B01,numeric8,2{YY}31{SERIAL:03d},1991,1991,1,9,31,official_completed_subset
key,B01,numeric8,2{YY}31{SERIAL:03d},1993,1993,1,4,31,official_completed_subset
key,B01,numeric8,2{YY}31{SERIAL:03d},1996,1997,2,3,31,official_completed_subset
key,B01,numeric8,2{YY}31{SERIAL:03d},1999,1999,1,1,31,official_completed_subset
key,B01,numeric8,2{YY}31{SERIAL:03d},2001,2019,19,97,31,official_completed_subset
key,B01,numeric8,2{YY}32{SERIAL:03d},1991,1992,2,14,32,official_completed_subset
key,B01,numeric8,2{YY}32{SERIAL:03d},1996,2017,22,101,32,official_completed_subset
key,B01,numeric8,2{YY}34{SERIAL:03d},1991,1992,2,4,34,official_completed_subset
key,B01,numeric8,2{YY}34{SERIAL:03d},1996,1998,3,5,34,official_completed_subset
key,B01,numeric8,2{YY}34{SERIAL:03d},2003,2010,8,15,34,official_completed_subset
key,B01,numeric8,2{YY}34{SERIAL:03d},2012,2017,6,9,34,official_completed_subset
key,B02,numeric8,2{YY}32{SERIAL:03d},2018,2019,2,11,32,official_completed_subset
key,B02,numeric8,2{YY}33{SERIAL:03d},1991,1992,2,16,33,official_completed_subset
key,B02,numeric8,2{YY}33{SERIAL:03d},1996,2004,9,17,33,official_completed_subset
key,B02,numeric8,2{YY}33{SERIAL:03d},2006,2017,12,60,33,official_completed_subset
key,B03,numeric8,2{YY}31{SERIAL:03d},1991,1991,1,4,31,official_completed_subset
key,B03,numeric8,2{YY}31{SERIAL:03d},1996,1996,1,1,31,official_completed_subset
key,B03,numeric8,2{YY}31{SERIAL:03d},1998,1998,1,1,31,official_completed_subset
key,B03,numeric8,2{YY}31{SERIAL:03d},2003,2003,1,1,31,official_completed_subset
key,B03,numeric8,2{YY}31{SERIAL:03d},2006,2008,3,3,31,official_completed_subset
key,B03,numeric8,2{YY}31{SERIAL:03d},2010,2010,1,1,31,official_completed_subset
key,B03,numeric8,2{YY}31{SERIAL:03d},2012,2012,1,2,31,official_completed_subset
key,B03,numeric8,2{YY}31{SERIAL:03d},2017,2017,1,1,31,official_completed_subset
key,B03,numeric8,2{YY}32{SERIAL:03d},1998,1998,1,1,32,official_completed_subset
key,B03,numeric8,2{YY}32{SERIAL:03d},2003,2003,1,2,32,official_completed_subset
key,B03,numeric8,2{YY}32{SERIAL:03d},2005,2005,1,1,32,official_completed_subset
key,B03,numeric8,2{YY}32{SERIAL:03d},2008,2009,2,3,32,official_completed_subset
key,B03,numeric8,2{YY}32{SERIAL:03d},2012,2012,1,1,32,official_completed_subset
key,B03,numeric8,2{YY}33{SERIAL:03d},1991,1993,3,20,33,official_completed_subset
key,B03,numeric8,2{YY}33{SERIAL:03d},1996,1999,4,7,33,official_completed_subset
key,B03,numeric8,2{YY}33{SERIAL:03d},2001,2019,19,109,33,official_completed_subset
key,B03,numeric8,2{YY}34{SERIAL:03d},1994,1994,1,2,34,official_completed_subset
key,B03,numeric8,2{YY}34{SERIAL:03d},2002,2002,1,2,34,official_completed_subset
key,B03,numeric8,2{YY}34{SERIAL:03d},2006,2007,2,3,34,official_completed_subset
key,B03,numeric8,2{YY}34{SERIAL:03d},2009,2009,1,3,34,official_completed_subset
key,B03,numeric8,2{YY}34{SERIAL:03d},2011,2015,5,10,34,official_completed_subset
key,B03,numeric8,2{YY}34{SERIAL:03d},2017,2017,1,1,34,official_completed_subset
key,B03,numeric8,2{YY}35{SERIAL:03d},1991,1991,1,4,35,official_completed_subset
key,B03,numeric8,2{YY}35{SERIAL:03d},1997,1997,1,1,35,official_completed_subset
key,B03,numeric8,2{YY}35{SERIAL:03d},2002,2002,1,1,35,official_completed_subset
key,B03,numeric8,2{YY}35{SERIAL:03d},2008,2008,1,1,35,official_completed_subset
key,B04,numeric8,2{YY}32{SERIAL:03d},2015,2015,1,1,32,official_completed_subset
key,B04,numeric8,2{YY}33{SERIAL:03d},1992,1992,1,2,33,official_completed_subset
key,B04,numeric8,2{YY}34{SERIAL:03d},2018,2019,2,14,34,official_completed_subset
key,B04,numeric8,2{YY}35{SERIAL:03d},1991,1992,2,12,35,official_completed_subset
key,B04,numeric8,2{YY}35{SERIAL:03d},1996,2017,22,97,35,official_completed_subset
key,B05,numeric8,2{YY}31{SERIAL:03d},2010,2014,5,7,31,official_completed_subset
key,B05,numeric8,2{YY}31{SERIAL:03d},2016,2016,1,1,31,official_completed_subset
key,B05,numeric8,2{YY}32{SERIAL:03d},2003,2003,1,1,32,official_completed_subset
key,B05,numeric8,2{YY}33{SERIAL:03d},2016,2016,1,1,33,official_completed_subset
key,B05,numeric8,2{YY}34{SERIAL:03d},1991,1992,2,8,34,official_completed_subset
key,B05,numeric8,2{YY}34{SERIAL:03d},1994,1994,1,6,34,official_completed_subset
key,B05,numeric8,2{YY}34{SERIAL:03d},1996,1996,1,2,34,official_completed_subset
key,B05,numeric8,2{YY}34{SERIAL:03d},1999,2001,3,5,34,official_completed_subset
key,B05,numeric8,2{YY}34{SERIAL:03d},2003,2006,4,7,34,official_completed_subset
key,B05,numeric8,2{YY}34{SERIAL:03d},2008,2016,9,34,34,official_completed_subset
key,B05,numeric8,2{YY}36{SERIAL:03d},1992,1992,1,3,36,official_completed_subset
key,B05_legacy_material_energy,numeric8,2{YY}33{SERIAL:03d},2017,2017,1,2,33,official_completed_subset
key,B05_legacy_material_energy,numeric8,2{YY}34{SERIAL:03d},2017,2017,1,4,34,official_completed_subset
key,B05_legacy_material_energy,numeric8,2{YY}35{SERIAL:03d},2018,2019,2,9,35,official_completed_subset
key,B06,numeric8,2{YY}31{SERIAL:03d},1993,1993,1,3,31,official_completed_subset
key,B06,numeric8,2{YY}31{SERIAL:03d},1997,1997,1,1,31,official_completed_subset
key,B06,numeric8,2{YY}36{SERIAL:03d},2018,2019,2,11,36,official_completed_subset
key,B06,numeric8,2{YY}37{SERIAL:03d},1992,1992,1,3,37,official_completed_subset
key,B06,numeric8,2{YY}37{SERIAL:03d},1996,1996,1,1,37,official_completed_subset
key,B06,numeric8,2{YY}37{SERIAL:03d},1998,1998,1,3,37,official_completed_subset
key,B06,numeric8,2{YY}37{SERIAL:03d},2000,2017,18,64,37,official_completed_subset
key,B07,numeric8,2{YY}31{SERIAL:03d},1993,1993,1,1,31,official_completed_subset
key,B07,numeric8,2{YY}31{SERIAL:03d},1996,1997,2,2,31,official_completed_subset
key,B07,numeric8,2{YY}31{SERIAL:03d},2000,2000,1,1,31,official_completed_subset
key,B07,numeric8,2{YY}31{SERIAL:03d},2002,2003,2,2,31,official_completed_subset
key,B07,numeric8,2{YY}31{SERIAL:03d},2008,2008,1,2,31,official_completed_subset
key,B07,numeric8,2{YY}31{SERIAL:03d},2011,2012,2,2,31,official_completed_subset
key,B07,numeric8,2{YY}31{SERIAL:03d},2014,2014,1,2,31,official_completed_subset
key,B07,numeric8,2{YY}31{SERIAL:03d},2017,2017,1,1,31,official_completed_subset
key,B07,numeric8,2{YY}32{SERIAL:03d},1991,1992,2,10,32,official_completed_subset
key,B07,numeric8,2{YY}32{SERIAL:03d},1996,1999,4,6,32,official_completed_subset
key,B07,numeric8,2{YY}32{SERIAL:03d},2003,2007,5,6,32,official_completed_subset
key,B07,numeric8,2{YY}32{SERIAL:03d},2009,2017,9,18,32,official_completed_subset
key,B07,numeric8,2{YY}33{SERIAL:03d},2010,2012,3,4,33,official_completed_subset
key,B07,numeric8,2{YY}33{SERIAL:03d},2014,2015,2,3,33,official_completed_subset
key,B07,numeric8,2{YY}37{SERIAL:03d},2018,2019,2,11,37,official_completed_subset
key,B07,numeric8,2{YY}38{SERIAL:03d},2017,2017,1,2,38,official_completed_subset
key,B08,numeric8,2{YY}36{SERIAL:03d},1991,1992,2,24,36,official_completed_subset
key,B08,numeric8,2{YY}36{SERIAL:03d},1996,2017,22,141,36,official_completed_subset
key,B08,numeric8,2{YY}38{SERIAL:03d},2018,2019,2,23,38,official_completed_subset
key,B09,numeric8,2{YY}33{SERIAL:03d},2013,2013,1,1,33,official_completed_subset
key,B09,numeric8,2{YY}33{SERIAL:03d},2016,2016,1,1,33,official_completed_subset
key,B09,numeric8,2{YY}34{SERIAL:03d},2014,2014,1,1,34,official_completed_subset
key,B09,numeric8,2{YY}34{SERIAL:03d},2016,2017,2,3,34,official_completed_subset
key,B09,numeric8,2{YY}35{SERIAL:03d},2018,2019,2,9,35,official_completed_subset
major_research_plan,B01,numeric8,9{YY}01{SERIAL:03d},2001,2004,4,7,01,official_completed_subset
major_research_plan,B01,numeric8,9{YY}06{SERIAL:03d},2002,2004,3,12,06,official_completed_subset
major_research_plan,B01,numeric8,9{YY}06{SERIAL:03d},2006,2006,1,4,06,official_completed_subset
major_research_plan,B01,numeric8,9{YY}06{SERIAL:03d},2011,2011,1,1,06,official_completed_subset
major_research_plan,B01,numeric8,9{YY}13{SERIAL:03d},2007,2009,3,4,13,official_completed_subset
major_research_plan,B01,numeric8,9{YY}13{SERIAL:03d},2012,2015,4,5,13,official_completed_subset
major_research_plan,B01,numeric8,9{YY}22{SERIAL:03d},2009,2013,5,61,22,official_completed_subset
major_research_plan,B01,numeric8,9{YY}22{SERIAL:03d},2016,2017,2,12,22,official_completed_subset
major_research_plan,B01,numeric8,9{YY}23{SERIAL:03d},2009,2009,1,1,23,official_completed_subset
major_research_plan,B01,numeric8,9{YY}23{SERIAL:03d},2011,2011,1,1,23,official_completed_subset
major_research_plan,B01,numeric8,9{YY}27{SERIAL:03d},2010,2012,3,43,27,official_completed_subset
major_research_plan,B01,numeric8,9{YY}27{SERIAL:03d},2015,2015,1,3,27,official_completed_subset
major_research_plan,B01,numeric8,9{YY}33{SERIAL:03d},2013,2013,1,1,33,official_completed_subset
major_research_plan,B01,numeric8,9{YY}45{SERIAL:03d},2015,2016,2,2,45,official_completed_subset
major_research_plan,B01,numeric8,9{YY}56{SERIAL:03d},2018,2022,5,88,56,official_completed_subset
major_research_plan,B01,numeric8,9{YY}61{SERIAL:03d},2019,2021,3,37,61,official_completed_subset
major_research_plan,B02,numeric8,9{YY}06{SERIAL:03d},2002,2004,3,6,06,official_completed_subset
major_research_plan,B02,numeric8,9{YY}06{SERIAL:03d},2006,2006,1,1,06,official_completed_subset
major_research_plan,B02,numeric8,9{YY}07{SERIAL:03d},2004,2004,1,1,07,official_completed_subset
major_research_plan,B02,numeric8,9{YY}10{SERIAL:03d},2002,2002,1,2,10,official_completed_subset
major_research_plan,B02,numeric8,9{YY}10{SERIAL:03d},2005,2006,2,2,10,official_completed_subset
major_research_plan,B02,numeric8,9{YY}22{SERIAL:03d},2010,2010,1,1,22,official_completed_subset
major_research_plan,B02,numeric8,9{YY}23{SERIAL:03d},2009,2010,2,5,23,official_completed_subset
major_research_plan,B02,numeric8,9{YY}26{SERIAL:03d},2013,2013,1,1,26,official_completed_subset
major_research_plan,B02,numeric8,9{YY}27{SERIAL:03d},2010,2012,3,21,27,official_completed_subset
major_research_plan,B02,numeric8,9{YY}27{SERIAL:03d},2015,2016,2,3,27,official_completed_subset
major_research_plan,B02,numeric8,9{YY}33{SERIAL:03d},2013,2014,2,2,33,official_completed_subset
major_research_plan,B02,numeric8,9{YY}34{SERIAL:03d},2014,2015,2,4,34,official_completed_subset
major_research_plan,B02,numeric8,9{YY}45{SERIAL:03d},2015,2018,4,69,45,official_completed_subset
major_research_plan,B02,numeric8,9{YY}45{SERIAL:03d},2020,2022,3,5,45,official_completed_subset
major_research_plan,B02,numeric8,9{YY}56{SERIAL:03d},2018,2018,1,3,56,official_completed_subset
major_research_plan,B02,numeric8,9{YY}56{SERIAL:03d},2021,2021,1,1,56,official_completed_subset
major_research_plan,B02,numeric8,9{YY}61{SERIAL:03d},2019,2021,3,7,61,official_completed_subset
major_research_plan,B02,numeric8,9{YY}63{SERIAL:03d},2021,2021,1,1,63,official_completed_subset
major_research_plan,B03,numeric8,9{YY}01{SERIAL:03d},2001,2004,4,5,01,official_completed_subset
major_research_plan,B03,numeric8,9{YY}03{SERIAL:03d},2001,2004,4,8,03,official_completed_subset
major_research_plan,B03,numeric8,9{YY}06{SERIAL:03d},2002,2004,3,13,06,official_completed_subset
major_research_plan,B03,numeric8,9{YY}06{SERIAL:03d},2006,2006,1,3,06,official_completed_subset
major_research_plan,B03,numeric8,9{YY}10{SERIAL:03d},2002,2002,1,1,10,official_completed_subset
major_research_plan,B03,numeric8,9{YY}10{SERIAL:03d},2006,2006,1,1,10,official_completed_subset
major_research_plan,B03,numeric8,9{YY}21{SERIAL:03d},2011,2012,2,3,21,official_completed_subset
major_research_plan,B03,numeric8,9{YY}21{SERIAL:03d},2014,2014,1,1,21,official_completed_subset
major_research_plan,B03,numeric8,9{YY}22{SERIAL:03d},2009,2011,3,10,22,official_completed_subset
major_research_plan,B03,numeric8,9{YY}22{SERIAL:03d},2016,2016,1,5,22,official_completed_subset
major_research_plan,B03,numeric8,9{YY}23{SERIAL:03d},2010,2011,2,4,23,official_completed_subset
major_research_plan,B03,numeric8,9{YY}27{SERIAL:03d},2010,2014,5,28,27,official_completed_subset
major_research_plan,B03,numeric8,9{YY}33{SERIAL:03d},2012,2014,3,9,33,official_completed_subset
major_research_plan,B03,numeric8,9{YY}34{SERIAL:03d},2014,2014,1,2,34,official_completed_subset
major_research_plan,B03,numeric8,9{YY}34{SERIAL:03d},2016,2016,1,1,34,official_completed_subset
major_research_plan,B03,numeric8,9{YY}41{SERIAL:03d},2014,2018,5,19,41,official_completed_subset
major_research_plan,B03,numeric8,9{YY}45{SERIAL:03d},2015,2018,4,24,45,official_completed_subset
major_research_plan,B03,numeric8,9{YY}53{SERIAL:03d},2017,2017,1,1,53,official_completed_subset
major_research_plan,B03,numeric8,9{YY}53{SERIAL:03d},2019,2019,1,1,53,official_completed_subset
major_research_plan,B03,numeric8,9{YY}56{SERIAL:03d},2018,2018,1,1,56,official_completed_subset
major_research_plan,B03,numeric8,9{YY}61{SERIAL:03d},2019,2021,3,23,61,official_completed_subset
major_research_plan,B03,numeric8,9{YY}63{SERIAL:03d},2021,2021,1,1,63,official_completed_subset
major_research_plan,B04,numeric8,9{YY}01{SERIAL:03d},2004,2004,1,1,01,official_completed_subset
major_research_plan,B04,numeric8,9{YY}03{SERIAL:03d},2004,2004,1,1,03,official_completed_subset
major_research_plan,B04,numeric8,9{YY}06{SERIAL:03d},2002,2002,1,1,06,official_completed_subset
major_research_plan,B04,numeric8,9{YY}06{SERIAL:03d},2004,2004,1,2,06,official_completed_subset
major_research_plan,B04,numeric8,9{YY}06{SERIAL:03d},2006,2006,1,3,06,official_completed_subset
major_research_plan,B04,numeric8,9{YY}07{SERIAL:03d},2006,2006,1,1,07,official_completed_subset
major_research_plan,B04,numeric8,9{YY}08{SERIAL:03d},2002,2002,1,1,08,official_completed_subset
major_research_plan,B04,numeric8,9{YY}08{SERIAL:03d},2004,2004,1,3,08,official_completed_subset
major_research_plan,B04,numeric8,9{YY}09{SERIAL:03d},2002,2002,1,3,09,official_completed_subset
major_research_plan,B04,numeric8,9{YY}09{SERIAL:03d},2007,2007,1,2,09,official_completed_subset
major_research_plan,B04,numeric8,9{YY}13{SERIAL:03d},2007,2009,3,25,13,official_completed_subset
major_research_plan,B04,numeric8,9{YY}13{SERIAL:03d},2012,2012,1,1,13,official_completed_subset
major_research_plan,B04,numeric8,9{YY}13{SERIAL:03d},2014,2014,1,3,13,official_completed_subset
major_research_plan,B04,numeric8,9{YY}22{SERIAL:03d},2009,2009,1,1,22,official_completed_subset
major_research_plan,B04,numeric8,9{YY}27{SERIAL:03d},2010,2012,3,12,27,official_completed_subset
major_research_plan,B04,numeric8,9{YY}32{SERIAL:03d},2011,2014,4,4,32,official_completed_subset
major_research_plan,B04,numeric8,9{YY}32{SERIAL:03d},2017,2017,1,2,32,official_completed_subset
major_research_plan,B04,numeric8,9{YY}39{SERIAL:03d},2014,2014,1,2,39,official_completed_subset
major_research_plan,B04,numeric8,9{YY}43{SERIAL:03d},2015,2017,3,4,43,official_completed_subset
major_research_plan,B04,numeric8,9{YY}45{SERIAL:03d},2015,2015,1,1,45,official_completed_subset
major_research_plan,B04,numeric8,9{YY}51{SERIAL:03d},2018,2018,1,1,51,official_completed_subset
major_research_plan,B04,numeric8,9{YY}53{SERIAL:03d},2017,2020,4,20,53,official_completed_subset
major_research_plan,B04,numeric8,9{YY}56{SERIAL:03d},2018,2019,2,2,56,official_completed_subset
major_research_plan,B04,numeric8,9{YY}59{SERIAL:03d},2018,2019,2,8,59,official_completed_subset
major_research_plan,B04,numeric8,9{YY}61{SERIAL:03d},2019,2020,2,2,61,official_completed_subset
major_research_plan,B04,numeric8,9{YY}68{SERIAL:03d},2020,2020,1,1,68,official_completed_subset
major_research_plan,B05,numeric8,9{YY}01{SERIAL:03d},2001,2002,2,6,01,official_completed_subset
major_research_plan,B05,numeric8,9{YY}01{SERIAL:03d},2004,2004,1,1,01,official_completed_subset
major_research_plan,B05,numeric8,9{YY}03{SERIAL:03d},2002,2002,1,1,03,official_completed_subset
major_research_plan,B05,numeric8,9{YY}05{SERIAL:03d},2002,2002,1,1,05,official_completed_subset
major_research_plan,B05,numeric8,9{YY}06{SERIAL:03d},2002,2002,1,1,06,official_completed_subset
major_research_plan,B05,numeric8,9{YY}06{SERIAL:03d},2006,2006,1,2,06,official_completed_subset
major_research_plan,B05,numeric8,9{YY}10{SERIAL:03d},2010,2010,1,1,10,official_completed_subset
major_research_plan,B05,numeric8,9{YY}22{SERIAL:03d},2009,2012,4,19,22,official_completed_subset
major_research_plan,B05,numeric8,9{YY}22{SERIAL:03d},2016,2016,1,4,22,official_completed_subset
major_research_plan,B05,numeric8,9{YY}23{SERIAL:03d},2010,2010,1,1,23,official_completed_subset
major_research_plan,B05,numeric8,9{YY}27{SERIAL:03d},2010,2012,3,10,27,official_completed_subset
major_research_plan,B05,numeric8,9{YY}27{SERIAL:03d},2015,2015,1,1,27,official_completed_subset
major_research_plan,B05,numeric8,9{YY}33{SERIAL:03d},2014,2014,1,1,33,official_completed_subset
major_research_plan,B05,numeric8,9{YY}56{SERIAL:03d},2021,2021,1,1,56,official_completed_subset
major_research_plan,B05,numeric8,9{YY}61{SERIAL:03d},2021,2021,1,3,61,official_completed_subset
major_research_plan,B05,numeric8,9{YY}63{SERIAL:03d},2021,2021,1,1,63,official_completed_subset
major_research_plan,B05_legacy_material_energy,numeric8,9{YY}45{SERIAL:03d},2019,2019,1,1,45,official_completed_subset
major_research_plan,B05_legacy_material_energy,numeric8,9{YY}56{SERIAL:03d},2018,2020,3,7,56,official_completed_subset
major_research_plan,B05_legacy_material_energy,numeric8,9{YY}61{SERIAL:03d},2019,2020,2,8,61,official_completed_subset
major_research_plan,B05_legacy_material_energy,numeric8,9{YY}63{SERIAL:03d},2019,2019,1,4,63,official_completed_subset
major_research_plan,B06,numeric8,9{YY}10{SERIAL:03d},2006,2006,1,1,10,official_completed_subset
major_research_plan,B06,numeric8,9{YY}26{SERIAL:03d},2010,2013,4,15,26,official_completed_subset
major_research_plan,B06,numeric8,9{YY}43{SERIAL:03d},2015,2017,3,54,43,official_completed_subset
major_research_plan,B06,numeric8,9{YY}43{SERIAL:03d},2020,2022,3,7,43,official_completed_subset
major_research_plan,B07,numeric8,9{YY}06{SERIAL:03d},2006,2006,1,1,06,official_completed_subset
major_research_plan,B07,numeric8,9{YY}09{SERIAL:03d},2002,2002,1,1,09,official_completed_subset
major_research_plan,B07,numeric8,9{YY}13{SERIAL:03d},2007,2012,6,50,13,official_completed_subset
major_research_plan,B07,numeric8,9{YY}13{SERIAL:03d},2014,2014,1,15,13,official_completed_subset
major_research_plan,B07,numeric8,9{YY}23{SERIAL:03d},2009,2009,1,1,23,official_completed_subset
major_research_plan,B07,numeric8,9{YY}27{SERIAL:03d},2015,2015,1,1,27,official_completed_subset
major_research_plan,B07,numeric8,9{YY}53{SERIAL:03d},2017,2020,4,85,53,official_completed_subset
major_research_plan,B07,numeric8,9{YY}54{SERIAL:03d},2018,2018,1,1,54,official_completed_subset
major_research_plan,B07,numeric8,9{YY}56{SERIAL:03d},2018,2018,1,2,56,official_completed_subset
major_research_plan,B07,numeric8,9{YY}57{SERIAL:03d},2019,2019,1,1,57,official_completed_subset
major_research_plan,B07,numeric8,9{YY}59{SERIAL:03d},2019,2020,2,2,59,official_completed_subset
major_research_plan,B08,numeric8,9{YY}05{SERIAL:03d},2003,2003,1,1,05,official_completed_subset
major_research_plan,B08,numeric8,9{YY}06{SERIAL:03d},2002,2002,1,2,06,official_completed_subset
major_research_plan,B08,numeric8,9{YY}10{SERIAL:03d},2002,2002,1,4,10,official_completed_subset
major_research_plan,B08,numeric8,9{YY}10{SERIAL:03d},2004,2006,3,8,10,official_completed_subset
major_research_plan,B08,numeric8,9{YY}33{SERIAL:03d},2012,2012,1,1,33,official_completed_subset
major_research_plan,B08,numeric8,9{YY}34{SERIAL:03d},2013,2016,4,99,34,official_completed_subset
major_research_plan,B08,numeric8,9{YY}34{SERIAL:03d},2019,2021,3,5,34,official_completed_subset
major_research_plan,B08,numeric8,9{YY}45{SERIAL:03d},2015,2017,3,5,45,official_completed_subset
major_research_plan,B08,numeric8,9{YY}56{SERIAL:03d},2021,2021,1,1,56,official_completed_subset
major_research_plan,B09,numeric8,9{YY}27{SERIAL:03d},2010,2011,2,2,27,official_completed_subset
major_research_plan,B09,numeric8,9{YY}61{SERIAL:03d},2020,2020,1,2,61,official_completed_subset
major_research_plan,B09,numeric8,9{YY}63{SERIAL:03d},2019,2019,1,2,63,official_completed_subset
major_research_plan,B09,numeric8,9{YY}63{SERIAL:03d},2021,2021,1,1,63,official_completed_subset
regional,B01,numeric8,2{YY}60{SERIAL:03d},1989,1991,3,13,60,official_completed_subset
regional,B01,numeric8,2{YY}61{SERIAL:03d},1992,1996,5,10,61,official_completed_subset
regional,B01,numeric8,2{YY}61{SERIAL:03d},1998,2020,23,319,61,official_completed_subset
regional,B01,numeric8,2{YY}62{SERIAL:03d},1992,1993,2,2,62,official_completed_subset
regional,B01,numeric8,2{YY}62{SERIAL:03d},1995,1995,1,2,62,official_completed_subset
regional,B01,numeric8,2{YY}62{SERIAL:03d},1997,1998,2,3,62,official_completed_subset
regional,B01,numeric8,2{YY}62{SERIAL:03d},2000,2017,18,258,62,official_completed_subset
regional,B01,numeric8,2{YY}64{SERIAL:03d},1992,1995,4,4,64,official_completed_subset
regional,B01,numeric8,2{YY}64{SERIAL:03d},1999,1999,1,1,64,official_completed_subset
regional,B01,numeric8,2{YY}64{SERIAL:03d},2002,2017,16,37,64,official_completed_subset
regional,B02,numeric8,2{YY}60{SERIAL:03d},1989,1989,1,2,60,official_completed_subset
regional,B02,numeric8,2{YY}61{SERIAL:03d},2011,2011,1,1,61,official_completed_subset
regional,B02,numeric8,2{YY}61{SERIAL:03d},2015,2015,1,1,61,official_completed_subset
regional,B02,numeric8,2{YY}62{SERIAL:03d},2018,2020,3,72,62,official_completed_subset
regional,B02,numeric8,2{YY}63{SERIAL:03d},1992,1996,5,5,63,official_completed_subset
regional,B02,numeric8,2{YY}63{SERIAL:03d},1998,2003,6,11,63,official_completed_subset
regional,B02,numeric8,2{YY}63{SERIAL:03d},2005,2017,13,164,63,official_completed_subset
regional,B02,numeric8,2{YY}64{SERIAL:03d},2004,2004,1,1,64,official_completed_subset
regional,B02,numeric8,2{YY}64{SERIAL:03d},2012,2012,1,1,64,official_completed_subset
regional,B02,numeric8,2{YY}64{SERIAL:03d},2014,2017,4,4,64,official_completed_subset
regional,B02,numeric8,2{YY}65{SERIAL:03d},2010,2011,2,2,65,official_completed_subset
regional,B02,numeric8,2{YY}65{SERIAL:03d},2013,2013,1,1,65,official_completed_subset
regional,B02,numeric8,2{YY}65{SERIAL:03d},2016,2016,1,1,65,official_completed_subset
regional,B02,numeric8,2{YY}69{SERIAL:03d},1998,1998,1,1,69,official_completed_subset
regional,B03,numeric8,2{YY}60{SERIAL:03d},1991,1991,1,3,60,official_completed_subset
regional,B03,numeric8,2{YY}61{SERIAL:03d},1992,1992,1,1,61,official_completed_subset
regional,B03,numeric8,2{YY}61{SERIAL:03d},1997,1997,1,1,61,official_completed_subset
regional,B03,numeric8,2{YY}61{SERIAL:03d},2000,2002,3,4,61,official_completed_subset
regional,B03,numeric8,2{YY}61{SERIAL:03d},2011,2012,2,3,61,official_completed_subset
regional,B03,numeric8,2{YY}61{SERIAL:03d},2014,2015,2,4,61,official_completed_subset
regional,B03,numeric8,2{YY}61{SERIAL:03d},2017,2017,1,4,61,official_completed_subset
regional,B03,numeric8,2{YY}62{SERIAL:03d},1994,1994,1,1,62,official_completed_subset
regional,B03,numeric8,2{YY}62{SERIAL:03d},1996,1996,1,1,62,official_completed_subset
regional,B03,numeric8,2{YY}62{SERIAL:03d},2004,2005,2,2,62,official_completed_subset
regional,B03,numeric8,2{YY}62{SERIAL:03d},2012,2013,2,2,62,official_completed_subset
regional,B03,numeric8,2{YY}62{SERIAL:03d},2015,2017,3,4,62,official_completed_subset
regional,B03,numeric8,2{YY}63{SERIAL:03d},1997,1998,2,3,63,official_completed_subset
regional,B03,numeric8,2{YY}63{SERIAL:03d},2001,2001,1,1,63,official_completed_subset
regional,B03,numeric8,2{YY}63{SERIAL:03d},2004,2005,2,5,63,official_completed_subset
regional,B03,numeric8,2{YY}63{SERIAL:03d},2007,2020,14,102,63,official_completed_subset
regional,B03,numeric8,2{YY}64{SERIAL:03d},2009,2009,1,1,64,official_completed_subset
regional,B03,numeric8,2{YY}64{SERIAL:03d},2011,2017,7,17,64,official_completed_subset
regional,B03,numeric8,2{YY}65{SERIAL:03d},1993,1993,1,1,65,official_completed_subset
regional,B03,numeric8,2{YY}65{SERIAL:03d},1997,1997,1,1,65,official_completed_subset
regional,B03,numeric8,2{YY}65{SERIAL:03d},2000,2000,1,1,65,official_completed_subset
regional,B03,numeric8,2{YY}65{SERIAL:03d},2003,2003,1,1,65,official_completed_subset
regional,B03,numeric8,2{YY}65{SERIAL:03d},2010,2010,1,1,65,official_completed_subset
regional,B03,numeric8,2{YY}65{SERIAL:03d},2012,2017,6,8,65,official_completed_subset
regional,B04,numeric8,2{YY}60{SERIAL:03d},1989,1991,3,5,60,official_completed_subset
regional,B04,numeric8,2{YY}61{SERIAL:03d},1994,1994,1,1,61,official_completed_subset
regional,B04,numeric8,2{YY}61{SERIAL:03d},2009,2009,1,2,61,official_completed_subset
regional,B04,numeric8,2{YY}61{SERIAL:03d},2014,2014,1,2,61,official_completed_subset
regional,B04,numeric8,2{YY}61{SERIAL:03d},2016,2016,1,1,61,official_completed_subset
regional,B04,numeric8,2{YY}62{SERIAL:03d},2002,2002,1,1,62,official_completed_subset
regional,B04,numeric8,2{YY}64{SERIAL:03d},2013,2013,1,1,64,official_completed_subset
regional,B04,numeric8,2{YY}64{SERIAL:03d},2018,2020,3,68,64,official_completed_subset
regional,B04,numeric8,2{YY}65{SERIAL:03d},1992,1992,1,1,65,official_completed_subset
regional,B04,numeric8,2{YY}65{SERIAL:03d},1995,1996,2,2,65,official_completed_subset
regional,B04,numeric8,2{YY}65{SERIAL:03d},1998,1999,2,2,65,official_completed_subset
regional,B04,numeric8,2{YY}65{SERIAL:03d},2001,2017,17,226,65,official_completed_subset
regional,B05,numeric8,2{YY}60{SERIAL:03d},1990,1991,2,3,60,official_completed_subset
regional,B05,numeric8,2{YY}61{SERIAL:03d},2008,2016,9,45,61,official_completed_subset
regional,B05,numeric8,2{YY}62{SERIAL:03d},1996,1996,1,1,62,official_completed_subset
regional,B05,numeric8,2{YY}62{SERIAL:03d},2000,2000,1,1,62,official_completed_subset
regional,B05,numeric8,2{YY}62{SERIAL:03d},2003,2003,1,1,62,official_completed_subset
regional,B05,numeric8,2{YY}62{SERIAL:03d},2007,2007,1,1,62,official_completed_subset
regional,B05,numeric8,2{YY}62{SERIAL:03d},2009,2009,1,1,62,official_completed_subset
regional,B05,numeric8,2{YY}62{SERIAL:03d},2012,2012,1,2,62,official_completed_subset
regional,B05,numeric8,2{YY}62{SERIAL:03d},2014,2016,3,5,62,official_completed_subset
regional,B05,numeric8,2{YY}63{SERIAL:03d},2015,2016,2,4,63,official_completed_subset
regional,B05,numeric8,2{YY}64{SERIAL:03d},1996,1998,3,3,64,official_completed_subset
regional,B05,numeric8,2{YY}64{SERIAL:03d},2000,2003,4,4,64,official_completed_subset
regional,B05,numeric8,2{YY}64{SERIAL:03d},2005,2006,2,2,64,official_completed_subset
regional,B05,numeric8,2{YY}64{SERIAL:03d},2008,2016,9,62,64,official_completed_subset
regional,B05_legacy_material_energy,numeric8,2{YY}61{SERIAL:03d},2017,2017,1,7,61,official_completed_subset
regional,B05_legacy_material_energy,numeric8,2{YY}62{SERIAL:03d},2017,2017,1,3,62,official_completed_subset
regional,B05_legacy_material_energy,numeric8,2{YY}64{SERIAL:03d},2017,2017,1,7,64,official_completed_subset
regional,B05_legacy_material_energy,numeric8,2{YY}65{SERIAL:03d},2018,2020,3,64,65,official_completed_subset
regional,B06,numeric8,2{YY}60{SERIAL:03d},1989,1990,2,2,60,official_completed_subset
regional,B06,numeric8,2{YY}61{SERIAL:03d},2013,2017,5,8,61,official_completed_subset
regional,B06,numeric8,2{YY}63{SERIAL:03d},2003,2003,1,1,63,official_completed_subset
regional,B06,numeric8,2{YY}63{SERIAL:03d},2010,2010,1,1,63,official_completed_subset
regional,B06,numeric8,2{YY}66{SERIAL:03d},2003,2003,1,1,66,official_completed_subset
regional,B06,numeric8,2{YY}66{SERIAL:03d},2005,2005,1,1,66,official_completed_subset
regional,B06,numeric8,2{YY}66{SERIAL:03d},2018,2020,3,93,66,official_completed_subset
regional,B06,numeric8,2{YY}67{SERIAL:03d},1992,2017,26,245,67,official_completed_subset
regional,B07,numeric8,2{YY}60{SERIAL:03d},1989,1990,2,8,60,official_completed_subset
regional,B07,numeric8,2{YY}61{SERIAL:03d},1992,1992,1,1,61,official_completed_subset
regional,B07,numeric8,2{YY}61{SERIAL:03d},1997,1997,1,1,61,official_completed_subset
regional,B07,numeric8,2{YY}61{SERIAL:03d},1999,1999,1,1,61,official_completed_subset
regional,B07,numeric8,2{YY}61{SERIAL:03d},2002,2003,2,3,61,official_completed_subset
regional,B07,numeric8,2{YY}61{SERIAL:03d},2006,2006,1,1,61,official_completed_subset
regional,B07,numeric8,2{YY}61{SERIAL:03d},2008,2013,6,13,61,official_completed_subset
regional,B07,numeric8,2{YY}61{SERIAL:03d},2015,2017,3,11,61,official_completed_subset
regional,B07,numeric8,2{YY}62{SERIAL:03d},1992,2017,26,243,62,official_completed_subset
regional,B07,numeric8,2{YY}63{SERIAL:03d},1993,1993,1,1,63,official_completed_subset
regional,B07,numeric8,2{YY}63{SERIAL:03d},2011,2017,7,11,63,official_completed_subset
regional,B07,numeric8,2{YY}67{SERIAL:03d},2018,2020,3,62,67,official_completed_subset
regional,B07,numeric8,2{YY}68{SERIAL:03d},2017,2017,1,6,68,official_completed_subset
regional,B08,numeric8,2{YY}60{SERIAL:03d},1989,1991,3,8,60,official_completed_subset
regional,B08,numeric8,2{YY}62{SERIAL:03d},1999,2001,3,3,62,official_completed_subset
regional,B08,numeric8,2{YY}62{SERIAL:03d},2003,2004,2,3,62,official_completed_subset
regional,B08,numeric8,2{YY}62{SERIAL:03d},2007,2011,5,8,62,official_completed_subset
regional,B08,numeric8,2{YY}62{SERIAL:03d},2013,2013,1,3,62,official_completed_subset
regional,B08,numeric8,2{YY}62{SERIAL:03d},2015,2015,1,1,62,official_completed_subset
regional,B08,numeric8,2{YY}63{SERIAL:03d},2008,2008,1,1,63,official_completed_subset
regional,B08,numeric8,2{YY}63{SERIAL:03d},2013,2013,1,1,63,official_completed_subset
regional,B08,numeric8,2{YY}66{SERIAL:03d},1992,2017,26,320,66,official_completed_subset
regional,B08,numeric8,2{YY}68{SERIAL:03d},2018,2020,3,115,68,official_completed_subset
regional,B09,numeric8,2{YY}63{SERIAL:03d},2010,2013,4,8,63,official_completed_subset
regional,B09,numeric8,2{YY}63{SERIAL:03d},2015,2016,2,4,63,official_completed_subset
regional,B09,numeric8,2{YY}64{SERIAL:03d},2012,2012,1,1,64,official_completed_subset
regional,B09,numeric8,2{YY}64{SERIAL:03d},2014,2017,4,6,64,official_completed_subset
regional,B09,numeric8,2{YY}65{SERIAL:03d},2018,2020,3,57,65,official_completed_subset
special,B01,alpha_numeric,B{YY}24{SERIAL:03d},2006,2007,2,11,B0624;B0724,official_completed_subset
special,B01,numeric8,2{YY}20{SERIAL:03d},1999,1999,1,2,20,official_completed_subset
special,B01,numeric8,2{YY}20{SERIAL:03d},2001,2001,1,1,20,official_completed_subset
special,B01,numeric8,2{YY}22{SERIAL:03d},1992,1994,3,5,22,official_completed_subset
special,B01,numeric8,2{YY}22{SERIAL:03d},1996,1996,1,1,22,official_completed_subset
special,B01,numeric8,2{YY}23{SERIAL:03d},1998,1998,1,1,23,official_completed_subset
special,B01,numeric8,2{YY}23{SERIAL:03d},2000,2000,1,3,23,official_completed_subset
special,B01,numeric8,2{YY}23{SERIAL:03d},2004,2004,1,2,23,official_completed_subset
special,B01,numeric8,2{YY}23{SERIAL:03d},2009,2009,1,2,23,official_completed_subset
special,B01,numeric8,2{YY}24{SERIAL:03d},2004,2004,1,1,24,official_completed_subset
special,B01,numeric8,2{YY}24{SERIAL:03d},2008,2008,1,3,24,official_completed_subset
special,B01,numeric8,2{YY}24{SERIAL:03d},2010,2010,1,3,24,official_completed_subset
special,B01,numeric8,2{YY}24{SERIAL:03d},2012,2012,1,2,24,official_completed_subset
special,B01,numeric8,2{YY}27{SERIAL:03d},2012,2012,1,1,27,official_completed_subset
special,B01,numeric8,2{YY}41{SERIAL:03d},1994,2013,20,83,41,official_completed_subset
special,B01,numeric8,2{YY}42{SERIAL:03d},1994,1995,2,3,42,official_completed_subset
special,B01,numeric8,2{YY}42{SERIAL:03d},1997,1997,1,1,42,official_completed_subset
special,B01,numeric8,2{YY}42{SERIAL:03d},2001,2013,13,93,42,official_completed_subset
special,B01,numeric8,2{YY}44{SERIAL:03d},1993,1995,3,6,44,official_completed_subset
special,B01,numeric8,2{YY}44{SERIAL:03d},1998,1998,1,2,44,official_completed_subset
special,B01,numeric8,2{YY}44{SERIAL:03d},2001,2002,2,2,44,official_completed_subset
special,B01,numeric8,2{YY}44{SERIAL:03d},2005,2013,9,19,44,official_completed_subset
special,B01,numeric8,2{YY}51{SERIAL:03d},1992,1992,1,1,51,official_completed_subset
special,B01,numeric8,2{YY}51{SERIAL:03d},1995,1995,1,1,51,official_completed_subset
special,B01,numeric8,2{YY}51{SERIAL:03d},2001,2001,1,2,51,official_completed_subset
special,B01,numeric8,2{YY}51{SERIAL:03d},2008,2011,4,9,51,official_completed_subset
special,B01,numeric8,2{YY}52{SERIAL:03d},1995,1995,1,1,52,official_completed_subset
special,B01,numeric8,2{YY}52{SERIAL:03d},2004,2004,1,1,52,official_completed_subset
special,B01,numeric8,2{YY}52{SERIAL:03d},2008,2008,1,2,52,official_completed_subset
special,B01,numeric8,2{YY}52{SERIAL:03d},2011,2013,3,4,52,official_completed_subset
special,B01,numeric8,2{YY}54{SERIAL:03d},2002,2002,1,1,54,official_completed_subset
special,B01,numeric8,2{YY}80{SERIAL:03d},1987,1988,2,6,80,official_completed_subset
special,B01,numeric8,2{YY}80{SERIAL:03d},1990,1991,2,3,80,official_completed_subset
special,B01,numeric8,2{YY}81{SERIAL:03d},1993,1994,2,3,81,official_completed_subset
special,B01,numeric8,2{YY}81{SERIAL:03d},1997,2000,4,4,81,official_completed_subset
special,B01,numeric8,2{YY}82{SERIAL:03d},1993,1993,1,2,82,official_completed_subset
special,B01,numeric8,2{YY}82{SERIAL:03d},1995,1996,2,3,82,official_completed_subset
special,B01,numeric8,2{YY}82{SERIAL:03d},2000,2000,1,1,82,official_completed_subset
special,B01,numeric8,2{YY}84{SERIAL:03d},1994,1994,1,1,84,official_completed_subset
special,B01,numeric8,2{YY}84{SERIAL:03d},1996,1996,1,1,84,official_completed_subset
special,B01,numeric8,2{YY}84{SERIAL:03d},1998,1998,1,1,84,official_completed_subset
special,B01,numeric8,2{YY}84{SERIAL:03d},2000,2000,1,1,84,official_completed_subset
special,B01,numeric8,3{YY}80{SERIAL:03d},1987,1987,1,1,80,official_completed_subset
special,B02,numeric8,2{YY}20{SERIAL:03d},1999,1999,1,2,20,official_completed_subset
special,B02,numeric8,2{YY}23{SERIAL:03d},2009,2009,1,1,23,official_completed_subset
special,B02,numeric8,2{YY}27{SERIAL:03d},2001,2001,1,1,27,official_completed_subset
special,B02,numeric8,2{YY}27{SERIAL:03d},2008,2009,2,3,27,official_completed_subset
special,B02,numeric8,2{YY}27{SERIAL:03d},2012,2012,1,3,27,official_completed_subset
special,B02,numeric8,2{YY}41{SERIAL:03d},2003,2003,1,1,41,official_completed_subset
special,B02,numeric8,2{YY}41{SERIAL:03d},2010,2011,2,2,41,official_completed_subset
special,B02,numeric8,2{YY}43{SERIAL:03d},1993,1993,1,2,43,official_completed_subset
special,B02,numeric8,2{YY}43{SERIAL:03d},1995,1998,4,9,43,official_completed_subset
special,B02,numeric8,2{YY}43{SERIAL:03d},2000,2013,14,65,43,official_completed_subset
special,B02,numeric8,2{YY}44{SERIAL:03d},2000,2000,1,1,44,official_completed_subset
special,B02,numeric8,2{YY}44{SERIAL:03d},2003,2003,1,1,44,official_completed_subset
special,B02,numeric8,2{YY}50{SERIAL:03d},1990,1990,1,1,50,official_completed_subset
special,B02,numeric8,2{YY}53{SERIAL:03d},1994,1994,1,1,53,official_completed_subset
special,B02,numeric8,2{YY}53{SERIAL:03d},2007,2009,3,4,53,official_completed_subset
special,B02,numeric8,2{YY}53{SERIAL:03d},2013,2013,1,3,53,official_completed_subset
special,B02,numeric8,2{YY}80{SERIAL:03d},1988,1988,1,1,80,official_completed_subset
special,B02,numeric8,2{YY}80{SERIAL:03d},1991,1991,1,2,80,official_completed_subset
special,B02,numeric8,2{YY}83{SERIAL:03d},1992,1994,3,3,83,official_completed_subset
special,B02,numeric8,2{YY}83{SERIAL:03d},1997,1997,1,1,83,official_completed_subset
special,B03,alpha_numeric,B{YY}24{SERIAL:03d},2006,2007,2,3,B0624;B0724,official_completed_subset
special,B03,numeric8,2{YY}23{SERIAL:03d},1995,1995,1,1,23,official_completed_subset
special,B03,numeric8,2{YY}23{SERIAL:03d},2000,2000,1,2,23,official_completed_subset
special,B03,numeric8,2{YY}23{SERIAL:03d},2004,2004,1,2,23,official_completed_subset
special,B03,numeric8,2{YY}23{SERIAL:03d},2009,2009,1,2,23,official_completed_subset
special,B03,numeric8,2{YY}24{SERIAL:03d},2004,2004,1,1,24,official_completed_subset
special,B03,numeric8,2{YY}24{SERIAL:03d},2008,2008,1,1,24,official_completed_subset
special,B03,numeric8,2{YY}24{SERIAL:03d},2010,2010,1,1,24,official_completed_subset
special,B03,numeric8,2{YY}27{SERIAL:03d},1999,2001,3,5,27,official_completed_subset
special,B03,numeric8,2{YY}27{SERIAL:03d},2004,2007,4,6,27,official_completed_subset
special,B03,numeric8,2{YY}27{SERIAL:03d},2009,2013,5,10,27,official_completed_subset
special,B03,numeric8,2{YY}40{SERIAL:03d},1991,1991,1,1,40,official_completed_subset
special,B03,numeric8,2{YY}41{SERIAL:03d},1997,1998,2,2,41,official_completed_subset
special,B03,numeric8,2{YY}41{SERIAL:03d},2005,2007,3,5,41,official_completed_subset
special,B03,numeric8,2{YY}41{SERIAL:03d},2010,2010,1,1,41,official_completed_subset
special,B03,numeric8,2{YY}41{SERIAL:03d},2012,2013,2,3,41,official_completed_subset
special,B03,numeric8,2{YY}42{SERIAL:03d},1995,1995,1,1,42,official_completed_subset
special,B03,numeric8,2{YY}42{SERIAL:03d},1997,1997,1,1,42,official_completed_subset
special,B03,numeric8,2{YY}42{SERIAL:03d},2000,2001,2,3,42,official_completed_subset
special,B03,numeric8,2{YY}42{SERIAL:03d},2003,2003,1,1,42,official_completed_subset
special,B03,numeric8,2{YY}42{SERIAL:03d},2005,2006,2,4,42,official_completed_subset
special,B03,numeric8,2{YY}42{SERIAL:03d},2013,2013,1,1,42,official_completed_subset
special,B03,numeric8,2{YY}43{SERIAL:03d},1992,1992,1,2,43,official_completed_subset
special,B03,numeric8,2{YY}43{SERIAL:03d},1994,1995,2,4,43,official_completed_subset
special,B03,numeric8,2{YY}43{SERIAL:03d},1998,1998,1,2,43,official_completed_subset
special,B03,numeric8,2{YY}43{SERIAL:03d},2001,2004,4,13,43,official_completed_subset
special,B03,numeric8,2{YY}43{SERIAL:03d},2006,2013,8,42,43,official_completed_subset
special,B03,numeric8,2{YY}44{SERIAL:03d},2000,2002,3,4,44,official_completed_subset
special,B03,numeric8,2{YY}44{SERIAL:03d},2005,2005,1,1,44,official_completed_subset
special,B03,numeric8,2{YY}44{SERIAL:03d},2008,2013,6,10,44,official_completed_subset
special,B03,numeric8,2{YY}45{SERIAL:03d},2004,2004,1,1,45,official_completed_subset
special,B03,numeric8,2{YY}45{SERIAL:03d},2007,2007,1,1,45,official_completed_subset
special,B03,numeric8,2{YY}49{SERIAL:03d},1988,1988,1,2,49,official_completed_subset
special,B03,numeric8,2{YY}51{SERIAL:03d},2008,2008,1,1,51,official_completed_subset
special,B03,numeric8,2{YY}52{SERIAL:03d},2004,2004,1,1,52,official_completed_subset
special,B03,numeric8,2{YY}53{SERIAL:03d},1992,1994,3,3,53,official_completed_subset
special,B03,numeric8,2{YY}53{SERIAL:03d},1998,1998,1,1,53,official_completed_subset
special,B03,numeric8,2{YY}53{SERIAL:03d},2007,2011,5,9,53,official_completed_subset
special,B03,numeric8,2{YY}53{SERIAL:03d},2013,2013,1,1,53,official_completed_subset
special,B03,numeric8,2{YY}80{SERIAL:03d},1987,1988,2,3,80,official_completed_subset
special,B03,numeric8,2{YY}80{SERIAL:03d},1990,1991,2,3,80,official_completed_subset
special,B03,numeric8,2{YY}81{SERIAL:03d},1996,1996,1,1,81,official_completed_subset
special,B03,numeric8,2{YY}81{SERIAL:03d},1999,1999,1,1,81,official_completed_subset
special,B03,numeric8,2{YY}83{SERIAL:03d},1993,1994,2,2,83,official_completed_subset
special,B03,numeric8,2{YY}83{SERIAL:03d},1996,1996,1,1,83,official_completed_subset
special,B03,numeric8,2{YY}83{SERIAL:03d},1998,2000,3,3,83,official_completed_subset
special,B04,alpha_numeric,B{YY}24{SERIAL:03d},2006,2006,1,3,B0624,official_completed_subset
special,B04,numeric8,2{YY}20{SERIAL:03d},1999,1999,1,2,20,official_completed_subset
special,B04,numeric8,2{YY}24{SERIAL:03d},2004,2004,1,2,24,official_completed_subset
special,B04,numeric8,2{YY}24{SERIAL:03d},2008,2008,1,1,24,official_completed_subset
special,B04,numeric8,2{YY}27{SERIAL:03d},1998,1999,2,3,27,official_completed_subset
special,B04,numeric8,2{YY}27{SERIAL:03d},2002,2013,12,56,27,official_completed_subset
special,B04,numeric8,2{YY}41{SERIAL:03d},2000,2000,1,1,41,official_completed_subset
special,B04,numeric8,2{YY}42{SERIAL:03d},2009,2009,1,2,42,official_completed_subset
special,B04,numeric8,2{YY}44{SERIAL:03d},2011,2011,1,2,44,official_completed_subset
special,B04,numeric8,2{YY}44{SERIAL:03d},2013,2013,1,1,44,official_completed_subset
special,B04,numeric8,2{YY}45{SERIAL:03d},1995,1995,1,2,45,official_completed_subset
special,B04,numeric8,2{YY}45{SERIAL:03d},1997,1998,2,3,45,official_completed_subset
special,B04,numeric8,2{YY}45{SERIAL:03d},2000,2013,14,73,45,official_completed_subset
special,B04,numeric8,2{YY}52{SERIAL:03d},2010,2010,1,1,52,official_completed_subset
special,B04,numeric8,2{YY}53{SERIAL:03d},2012,2012,1,1,53,official_completed_subset
special,B04,numeric8,2{YY}54{SERIAL:03d},2009,2009,1,1,54,official_completed_subset
special,B04,numeric8,2{YY}55{SERIAL:03d},2009,2011,3,5,55,official_completed_subset
special,B04,numeric8,2{YY}80{SERIAL:03d},1987,1988,2,3,80,official_completed_subset
special,B04,numeric8,2{YY}80{SERIAL:03d},1990,1991,2,3,80,official_completed_subset
special,B04,numeric8,2{YY}81{SERIAL:03d},1992,1992,1,1,81,official_completed_subset
special,B04,numeric8,2{YY}85{SERIAL:03d},1994,1994,1,1,85,official_completed_subset
special,B05,alpha_numeric,B{YY}24{SERIAL:03d},2006,2006,1,3,B0624,official_completed_subset
special,B05,numeric8,1{YY}80{SERIAL:03d},1987,1987,1,1,80,official_completed_subset
special,B05,numeric8,2{YY}20{SERIAL:03d},2009,2009,1,1,20,official_completed_subset
special,B05,numeric8,2{YY}23{SERIAL:03d},2004,2004,1,1,23,official_completed_subset
special,B05,numeric8,2{YY}24{SERIAL:03d},2012,2012,1,1,24,official_completed_subset
special,B05,numeric8,2{YY}41{SERIAL:03d},2009,2013,5,8,41,official_completed_subset
special,B05,numeric8,2{YY}42{SERIAL:03d},2002,2002,1,1,42,official_completed_subset
special,B05,numeric8,2{YY}42{SERIAL:03d},2004,2004,1,1,42,official_completed_subset
special,B05,numeric8,2{YY}42{SERIAL:03d},2008,2009,2,2,42,official_completed_subset
special,B05,numeric8,2{YY}44{SERIAL:03d},1992,1995,4,4,44,official_completed_subset
special,B05,numeric8,2{YY}44{SERIAL:03d},1997,1998,2,2,44,official_completed_subset
special,B05,numeric8,2{YY}44{SERIAL:03d},2000,2000,1,3,44,official_completed_subset
special,B05,numeric8,2{YY}44{SERIAL:03d},2002,2013,12,43,44,official_completed_subset
special,B05,numeric8,2{YY}52{SERIAL:03d},2009,2009,1,1,52,official_completed_subset
special,B05,numeric8,2{YY}54{SERIAL:03d},2008,2008,1,1,54,official_completed_subset
special,B05,numeric8,2{YY}54{SERIAL:03d},2010,2010,1,1,54,official_completed_subset
special,B05,numeric8,2{YY}80{SERIAL:03d},1987,1987,1,5,80,official_completed_subset
special,B05,numeric8,2{YY}80{SERIAL:03d},1990,1991,2,4,80,official_completed_subset
special,B05,numeric8,2{YY}82{SERIAL:03d},1992,1992,1,1,82,official_completed_subset
special,B05,numeric8,2{YY}84{SERIAL:03d},1992,1995,4,7,84,official_completed_subset
special,B05,numeric8,2{YY}84{SERIAL:03d},1997,1997,1,1,84,official_completed_subset
special,B05,numeric8,2{YY}84{SERIAL:03d},1999,1999,1,1,84,official_completed_subset
special,B06,alpha_numeric,B{YY}24{SERIAL:03d},2007,2007,1,1,B0724,official_completed_subset
special,B06,numeric8,2{YY}24{SERIAL:03d},2010,2010,1,1,24,official_completed_subset
special,B06,numeric8,2{YY}24{SERIAL:03d},2012,2012,1,1,24,official_completed_subset
special,B06,numeric8,2{YY}27{SERIAL:03d},2012,2012,1,2,27,official_completed_subset
special,B06,numeric8,2{YY}45{SERIAL:03d},1995,1995,1,1,45,official_completed_subset
special,B06,numeric8,2{YY}47{SERIAL:03d},2000,2013,14,61,47,official_completed_subset
special,B06,numeric8,2{YY}55{SERIAL:03d},1995,1995,1,1,55,official_completed_subset
special,B06,numeric8,4{YY}23{SERIAL:03d},2010,2010,1,1,23,official_completed_subset
special,B07,numeric8,2{YY}22{SERIAL:03d},1992,1996,5,12,22,official_completed_subset
special,B07,numeric8,2{YY}40{SERIAL:03d},1991,1991,1,1,40,official_completed_subset
special,B07,numeric8,2{YY}41{SERIAL:03d},1994,1995,2,3,41,official_completed_subset
special,B07,numeric8,2{YY}41{SERIAL:03d},1997,1997,1,1,41,official_completed_subset
special,B07,numeric8,2{YY}41{SERIAL:03d},2002,2002,1,2,41,official_completed_subset
special,B07,numeric8,2{YY}41{SERIAL:03d},2006,2006,1,1,41,official_completed_subset
special,B07,numeric8,2{YY}41{SERIAL:03d},2008,2012,5,6,41,official_completed_subset
special,B07,numeric8,2{YY}42{SERIAL:03d},1995,1995,1,1,42,official_completed_subset
special,B07,numeric8,2{YY}42{SERIAL:03d},2002,2005,4,8,42,official_completed_subset
special,B07,numeric8,2{YY}42{SERIAL:03d},2007,2013,7,37,42,official_completed_subset
special,B07,numeric8,2{YY}43{SERIAL:03d},2005,2005,1,1,43,official_completed_subset
special,B07,numeric8,2{YY}43{SERIAL:03d},2008,2011,4,4,43,official_completed_subset
special,B07,numeric8,2{YY}47{SERIAL:03d},2001,2001,1,1,47,official_completed_subset
special,B07,numeric8,2{YY}49{SERIAL:03d},1988,1988,1,1,49,official_completed_subset
special,B07,numeric8,2{YY}51{SERIAL:03d},2007,2007,1,1,51,official_completed_subset
special,B07,numeric8,2{YY}52{SERIAL:03d},2008,2008,1,2,52,official_completed_subset
special,B07,numeric8,2{YY}52{SERIAL:03d},2011,2011,1,1,52,official_completed_subset
special,B07,numeric8,2{YY}80{SERIAL:03d},1988,1988,1,1,80,official_completed_subset
special,B07,numeric8,2{YY}80{SERIAL:03d},1991,1991,1,2,80,official_completed_subset
special,B07,numeric8,2{YY}81{SERIAL:03d},1992,1992,1,1,81,official_completed_subset
special,B07,numeric8,2{YY}82{SERIAL:03d},1994,1994,1,1,82,official_completed_subset
special,B08,numeric8,2{YY}23{SERIAL:03d},1992,1992,1,1,23,official_completed_subset
special,B08,numeric8,2{YY}23{SERIAL:03d},2009,2009,1,1,23,official_completed_subset
special,B08,numeric8,2{YY}24{SERIAL:03d},2004,2004,1,2,24,official_completed_subset
special,B08,numeric8,2{YY}24{SERIAL:03d},2010,2010,1,1,24,official_completed_subset
special,B08,numeric8,2{YY}24{SERIAL:03d},2012,2012,1,1,24,official_completed_subset
special,B08,numeric8,2{YY}27{SERIAL:03d},2003,2003,1,1,27,official_completed_subset
special,B08,numeric8,2{YY}27{SERIAL:03d},2010,2011,2,2,27,official_completed_subset
special,B08,numeric8,2{YY}27{SERIAL:03d},2013,2013,1,1,27,official_completed_subset
special,B08,numeric8,2{YY}42{SERIAL:03d},1994,1994,1,1,42,official_completed_subset
special,B08,numeric8,2{YY}42{SERIAL:03d},2002,2002,1,1,42,official_completed_subset
special,B08,numeric8,2{YY}42{SERIAL:03d},2004,2004,1,1,42,official_completed_subset
special,B08,numeric8,2{YY}46{SERIAL:03d},1993,1993,1,1,46,official_completed_subset
special,B08,numeric8,2{YY}46{SERIAL:03d},1995,1995,1,3,46,official_completed_subset
special,B08,numeric8,2{YY}46{SERIAL:03d},1997,1997,1,2,46,official_completed_subset
special,B08,numeric8,2{YY}46{SERIAL:03d},2000,2013,14,90,46,official_completed_subset
special,B08,numeric8,2{YY}53{SERIAL:03d},2009,2009,1,1,53,official_completed_subset
special,B08,numeric8,2{YY}54{SERIAL:03d},2012,2012,1,1,54,official_completed_subset
special,B08,numeric8,2{YY}56{SERIAL:03d},1993,1993,1,1,56,official_completed_subset
special,B08,numeric8,2{YY}56{SERIAL:03d},2009,2009,1,2,56,official_completed_subset
special,B08,numeric8,2{YY}56{SERIAL:03d},2013,2013,1,1,56,official_completed_subset
special,B08,numeric8,2{YY}80{SERIAL:03d},1987,1988,2,6,80,official_completed_subset
special,B08,numeric8,2{YY}80{SERIAL:03d},1990,1991,2,4,80,official_completed_subset
special,B08,numeric8,2{YY}86{SERIAL:03d},1992,1996,5,6,86,official_completed_subset
special,B08,numeric8,2{YY}86{SERIAL:03d},1998,2000,3,4,86,official_completed_subset
special,B09,numeric8,2{YY}27{SERIAL:03d},2008,2008,1,1,27,official_completed_subset
special,B09,numeric8,2{YY}27{SERIAL:03d},2013,2013,1,1,27,official_completed_subset
special,B09,numeric8,2{YY}43{SERIAL:03d},2009,2009,1,1,43,official_completed_subset
special,B09,numeric8,2{YY}43{SERIAL:03d},2012,2013,2,2,43,official_completed_subset
special,B09,numeric8,2{YY}44{SERIAL:03d},2010,2010,1,1,44,official_completed_subset
youth_c,B01,numeric8,2{YY}00{SERIAL:03d},1987,1991,5,23,00,official_completed_subset
youth_c,B01,numeric8,2{YY}01{SERIAL:03d},1992,2022,31,2176,01,official_completed_subset
youth_c,B01,numeric8,2{YY}02{SERIAL:03d},1992,2017,26,1331,02,official_completed_subset
youth_c,B01,numeric8,2{YY}04{SERIAL:03d},1992,1992,1,3,04,official_completed_subset
youth_c,B01,numeric8,2{YY}04{SERIAL:03d},1994,2017,24,317,04,official_completed_subset
youth_c,B02,numeric8,2{YY}00{SERIAL:03d},1987,1987,1,2,00,official_completed_subset
youth_c,B02,numeric8,2{YY}00{SERIAL:03d},1989,1990,2,8,00,official_completed_subset
youth_c,B02,numeric8,2{YY}01{SERIAL:03d},2004,2004,1,1,01,official_completed_subset
youth_c,B02,numeric8,2{YY}01{SERIAL:03d},2006,2006,1,1,01,official_completed_subset
youth_c,B02,numeric8,2{YY}01{SERIAL:03d},2009,2017,9,19,01,official_completed_subset
youth_c,B02,numeric8,2{YY}02{SERIAL:03d},2018,2022,5,780,02,official_completed_subset
youth_c,B02,numeric8,2{YY}03{SERIAL:03d},1992,2017,26,1316,03,official_completed_subset
youth_c,B02,numeric8,2{YY}04{SERIAL:03d},1993,1993,1,1,04,official_completed_subset
youth_c,B02,numeric8,2{YY}04{SERIAL:03d},1998,1998,1,1,04,official_completed_subset
youth_c,B02,numeric8,2{YY}04{SERIAL:03d},2000,2000,1,1,04,official_completed_subset
youth_c,B02,numeric8,2{YY}04{SERIAL:03d},2002,2003,2,4,04,official_completed_subset
youth_c,B02,numeric8,2{YY}04{SERIAL:03d},2006,2017,12,35,04,official_completed_subset
youth_c,B02,numeric8,2{YY}05{SERIAL:03d},2007,2007,1,1,05,official_completed_subset
youth_c,B02,numeric8,2{YY}05{SERIAL:03d},2013,2013,1,2,05,official_completed_subset
youth_c,B02,numeric8,2{YY}05{SERIAL:03d},2015,2017,3,5,05,official_completed_subset
youth_c,B03,numeric8,2{YY}00{SERIAL:03d},1987,1991,5,22,00,official_completed_subset
youth_c,B03,numeric8,2{YY}01{SERIAL:03d},1994,1994,1,1,01,official_completed_subset
youth_c,B03,numeric8,2{YY}01{SERIAL:03d},1996,2017,22,130,01,official_completed_subset
youth_c,B03,numeric8,2{YY}02{SERIAL:03d},1994,1994,1,1,02,official_completed_subset
youth_c,B03,numeric8,2{YY}02{SERIAL:03d},1997,1998,2,4,02,official_completed_subset
youth_c,B03,numeric8,2{YY}02{SERIAL:03d},2000,2000,1,1,02,official_completed_subset
youth_c,B03,numeric8,2{YY}02{SERIAL:03d},2004,2014,11,51,02,official_completed_subset
youth_c,B03,numeric8,2{YY}02{SERIAL:03d},2016,2017,2,12,02,official_completed_subset
youth_c,B03,numeric8,2{YY}03{SERIAL:03d},1992,2023,32,1374,03,official_completed_subset
youth_c,B03,numeric8,2{YY}04{SERIAL:03d},1992,2017,26,202,04,official_completed_subset
youth_c,B03,numeric8,2{YY}05{SERIAL:03d},1994,1995,2,2,05,official_completed_subset
youth_c,B03,numeric8,2{YY}05{SERIAL:03d},2002,2002,1,2,05,official_completed_subset
youth_c,B03,numeric8,2{YY}05{SERIAL:03d},2005,2007,3,7,05,official_completed_subset
youth_c,B03,numeric8,2{YY}05{SERIAL:03d},2009,2017,9,32,05,official_completed_subset
youth_c,B04,numeric8,2{YY}00{SERIAL:03d},1987,1991,5,18,00,official_completed_subset
youth_c,B04,numeric8,2{YY}01{SERIAL:03d},1998,1999,2,2,01,official_completed_subset
youth_c,B04,numeric8,2{YY}01{SERIAL:03d},2003,2003,1,1,01,official_completed_subset
youth_c,B04,numeric8,2{YY}01{SERIAL:03d},2009,2009,1,1,01,official_completed_subset
youth_c,B04,numeric8,2{YY}01{SERIAL:03d},2012,2015,4,10,01,official_completed_subset
youth_c,B04,numeric8,2{YY}01{SERIAL:03d},2017,2017,1,4,01,official_completed_subset
youth_c,B04,numeric8,2{YY}02{SERIAL:03d},1992,1992,1,1,02,official_completed_subset
youth_c,B04,numeric8,2{YY}02{SERIAL:03d},2002,2002,1,1,02,official_completed_subset
youth_c,B04,numeric8,2{YY}02{SERIAL:03d},2006,2006,1,1,02,official_completed_subset
youth_c,B04,numeric8,2{YY}02{SERIAL:03d},2008,2017,10,22,02,official_completed_subset
youth_c,B04,numeric8,2{YY}04{SERIAL:03d},1992,1994,3,3,04,official_completed_subset
youth_c,B04,numeric8,2{YY}04{SERIAL:03d},2000,2000,1,1,04,official_completed_subset
youth_c,B04,numeric8,2{YY}04{SERIAL:03d},2002,2005,4,7,04,official_completed_subset
youth_c,B04,numeric8,2{YY}04{SERIAL:03d},2007,2013,7,47,04,official_completed_subset
youth_c,B04,numeric8,2{YY}04{SERIAL:03d},2018,2023,6,599,04,official_completed_subset
youth_c,B04,numeric8,2{YY}05{SERIAL:03d},1992,2017,26,1474,05,official_completed_subset
youth_c,B05,numeric8,2{YY}00{SERIAL:03d},1987,1991,5,11,00,official_completed_subset
youth_c,B05,numeric8,2{YY}01{SERIAL:03d},1992,1992,1,1,01,official_completed_subset
youth_c,B05,numeric8,2{YY}01{SERIAL:03d},2007,2016,10,334,01,official_completed_subset
youth_c,B05,numeric8,2{YY}02{SERIAL:03d},1994,1994,1,1,02,official_completed_subset
youth_c,B05,numeric8,2{YY}02{SERIAL:03d},1997,1997,1,1,02,official_completed_subset
youth_c,B05,numeric8,2{YY}02{SERIAL:03d},1999,1999,1,1,02,official_completed_subset
youth_c,B05,numeric8,2{YY}02{SERIAL:03d},2003,2004,2,2,02,official_completed_subset
youth_c,B05,numeric8,2{YY}02{SERIAL:03d},2006,2016,11,105,02,official_completed_subset
youth_c,B05,numeric8,2{YY}03{SERIAL:03d},2014,2016,3,46,03,official_completed_subset
youth_c,B05,numeric8,2{YY}04{SERIAL:03d},1992,2016,25,499,04,official_completed_subset
youth_c,B05,numeric8,2{YY}05{SERIAL:03d},2021,2023,3,248,05,official_completed_subset
youth_c,B05_legacy_material_energy,numeric8,2{YY}01{SERIAL:03d},2017,2017,1,48,01,official_completed_subset
youth_c,B05_legacy_material_energy,numeric8,2{YY}02{SERIAL:03d},2017,2017,1,9,02,official_completed_subset
youth_c,B05_legacy_material_energy,numeric8,2{YY}03{SERIAL:03d},2017,2017,1,17,03,official_completed_subset
youth_c,B05_legacy_material_energy,numeric8,2{YY}04{SERIAL:03d},2017,2017,1,54,04,official_completed_subset
youth_c,B05_legacy_material_energy,numeric8,2{YY}05{SERIAL:03d},2018,2020,3,528,05,official_completed_subset
youth_c,B06,numeric8,2{YY}00{SERIAL:03d},1990,1991,2,3,00,official_completed_subset
youth_c,B06,numeric8,2{YY}01{SERIAL:03d},1994,1994,1,1,01,official_completed_subset
youth_c,B06,numeric8,2{YY}01{SERIAL:03d},1996,1996,1,1,01,official_completed_subset
youth_c,B06,numeric8,2{YY}01{SERIAL:03d},1998,1998,1,1,01,official_completed_subset
youth_c,B06,numeric8,2{YY}01{SERIAL:03d},2002,2017,16,73,01,official_completed_subset
youth_c,B06,numeric8,2{YY}03{SERIAL:03d},2008,2009,2,2,03,official_completed_subset
youth_c,B06,numeric8,2{YY}03{SERIAL:03d},2011,2012,2,4,03,official_completed_subset
youth_c,B06,numeric8,2{YY}03{SERIAL:03d},2014,2014,1,1,03,official_completed_subset
youth_c,B06,numeric8,2{YY}03{SERIAL:03d},2016,2017,2,2,03,official_completed_subset
youth_c,B06,numeric8,2{YY}06{SERIAL:03d},2001,2001,1,2,06,official_completed_subset
youth_c,B06,numeric8,2{YY}06{SERIAL:03d},2003,2003,1,1,06,official_completed_subset
youth_c,B06,numeric8,2{YY}06{SERIAL:03d},2005,2006,2,2,06,official_completed_subset
youth_c,B06,numeric8,2{YY}06{SERIAL:03d},2012,2013,2,5,06,official_completed_subset
youth_c,B06,numeric8,2{YY}06{SERIAL:03d},2018,2022,5,743,06,official_completed_subset
youth_c,B06,numeric8,2{YY}07{SERIAL:03d},1992,2017,26,1593,07,official_completed_subset
youth_c,B07,numeric8,2{YY}00{SERIAL:03d},1987,1990,4,7,00,official_completed_subset
youth_c,B07,numeric8,2{YY}01{SERIAL:03d},1992,1993,2,2,01,official_completed_subset
youth_c,B07,numeric8,2{YY}01{SERIAL:03d},1997,1997,1,1,01,official_completed_subset
youth_c,B07,numeric8,2{YY}01{SERIAL:03d},2001,2017,17,165,01,official_completed_subset
youth_c,B07,numeric8,2{YY}02{SERIAL:03d},1992,2017,26,678,02,official_completed_subset
youth_c,B07,numeric8,2{YY}03{SERIAL:03d},2008,2017,10,60,03,official_completed_subset
youth_c,B07,numeric8,2{YY}07{SERIAL:03d},2018,2023,6,475,07,official_completed_subset
youth_c,B07,numeric8,2{YY}08{SERIAL:03d},2017,2017,1,54,08,official_completed_subset
youth_c,B08,numeric8,2{YY}00{SERIAL:03d},1987,1991,5,24,00,official_completed_subset
youth_c,B08,numeric8,2{YY}02{SERIAL:03d},1995,1995,1,1,02,official_completed_subset
youth_c,B08,numeric8,2{YY}02{SERIAL:03d},1997,1997,1,1,02,official_completed_subset
youth_c,B08,numeric8,2{YY}02{SERIAL:03d},2002,2002,1,1,02,official_completed_subset
youth_c,B08,numeric8,2{YY}02{SERIAL:03d},2007,2007,1,1,02,official_completed_subset
youth_c,B08,numeric8,2{YY}02{SERIAL:03d},2010,2011,2,2,02,official_completed_subset
youth_c,B08,numeric8,2{YY}02{SERIAL:03d},2013,2017,5,11,02,official_completed_subset
youth_c,B08,numeric8,2{YY}03{SERIAL:03d},2008,2017,10,19,03,official_completed_subset
youth_c,B08,numeric8,2{YY}06{SERIAL:03d},1992,2017,26,2366,06,official_completed_subset
youth_c,B08,numeric8,2{YY}08{SERIAL:03d},2018,2022,5,1102,08,official_completed_subset
youth_c,B09,numeric8,2{YY}03{SERIAL:03d},2008,2017,10,150,03,official_completed_subset
youth_c,B09,numeric8,2{YY}04{SERIAL:03d},1994,1994,1,1,04,official_completed_subset
youth_c,B09,numeric8,2{YY}04{SERIAL:03d},1996,1997,2,2,04,official_completed_subset
youth_c,B09,numeric8,2{YY}04{SERIAL:03d},2006,2006,1,1,04,official_completed_subset
youth_c,B09,numeric8,2{YY}04{SERIAL:03d},2008,2008,1,3,04,official_completed_subset
youth_c,B09,numeric8,2{YY}04{SERIAL:03d},2010,2012,3,4,04,official_completed_subset
youth_c,B09,numeric8,2{YY}04{SERIAL:03d},2014,2017,4,16,04,official_completed_subset
youth_c,B09,numeric8,2{YY}05{SERIAL:03d},2018,2020,3,462,05,official_completed_subset
youth_c,B09,numeric8,2{YY}09{SERIAL:03d},2021,2023,3,193,09,official_completed_subset
