approval_year,discipline_scope,project_type,unique_projects
1986,E01,general,76
1986,E02,general,30
1986,E03,general,23
1986,E04,general,26
1986,E05,general,100
1986,E06,general,64
1986,E07,general,28
1986,E08,general,54
1986,E09,general,16
1986,E10,general,1
1987,E01,general,77
1987,E01,special,16
1987,E01,youth_c,3
1987,E02,general,43
1987,E02,special,14
1987,E02,youth_c,1
1987,E03,general,27
1987,E03,special,8
1987,E03,youth_c,1
1987,E04,general,22
1987,E04,youth_c,1
1987,E05,general,89
1987,E05,special,4
1987,E05,youth_c,2
1987,E06,general,44
1987,E06,special,7
1987,E06,youth_c,3
1987,E07,general,28
1987,E07,special,2
1987,E07,youth_c,1
1987,E08,general,45
1987,E09,general,22
1987,E09,youth_c,1
1987,E10,general,13
1988,E01,general,69
1988,E01,special,10
1988,E01,youth_c,4
1988,E02,general,36
1988,E02,special,4
1988,E03,general,23
1988,E03,special,9
1988,E03,youth_c,2
1988,E04,general,28
1988,E05,general,82
1988,E05,special,6
1988,E05,youth_c,5
1988,E06,general,50
1988,E06,special,4
1988,E06,youth_c,5
1988,E07,general,25
1988,E07,youth_c,3
1988,E08,general,36
1988,E08,youth_c,1
1988,E09,general,24
1988,E09,youth_c,4
1988,E10,general,16
1988,E10,youth_c,1
1988,E11,general,1
1989,E01,general,69
1989,E01,special,1
1989,E01,youth_c,11
1989,E02,general,41
1989,E02,regional,1
1989,E02,special,2
1989,E02,youth_c,5
1989,E03,general,27
1989,E03,special,3
1989,E03,youth_c,4
1989,E04,general,25
1989,E04,youth_c,5
1989,E05,general,68
1989,E05,regional,1
1989,E05,special,1
1989,E05,youth_c,7
1989,E06,general,49
1989,E06,regional,1
1989,E06,special,1
1989,E06,youth_c,5
1989,E07,general,27
1989,E07,youth_c,5
1989,E08,general,56
1989,E08,youth_c,7
1989,E09,general,21
1989,E09,regional,2
1989,E09,special,1
1989,E09,youth_c,4
1989,E10,general,12
1989,E10,youth_c,1
1989,E11,general,1
1990,E01,general,66
1990,E01,regional,2
1990,E01,special,11
1990,E01,youth_c,13
1990,E02,general,42
1990,E02,regional,1
1990,E02,special,12
1990,E02,youth_c,5
1990,E03,general,28
1990,E03,regional,1
1990,E03,special,5
1990,E03,youth_c,3
1990,E04,general,27
1990,E04,youth_c,4
1990,E05,general,81
1990,E05,regional,2
1990,E05,special,9
1990,E05,youth_c,13
1990,E06,general,46
1990,E06,regional,1
1990,E06,special,3
1990,E06,youth_c,8
1990,E07,general,25
1990,E07,youth_c,3
1990,E08,general,46
1990,E08,regional,1
1990,E08,youth_c,9
1990,E09,general,29
1990,E09,regional,2
1990,E09,youth_c,4
1990,E10,general,13
1990,E10,youth_c,3
1991,E01,general,66
1991,E01,key,8
1991,E01,regional,1
1991,E01,special,9
1991,E01,youth_c,13
1991,E02,general,40
1991,E02,key,5
1991,E02,regional,1
1991,E02,special,7
1991,E02,youth_c,6
1991,E03,general,25
1991,E03,key,1
1991,E03,regional,1
1991,E03,special,5
1991,E03,youth_c,4
1991,E04,general,24
1991,E04,key,4
1991,E04,regional,1
1991,E04,youth_c,4
1991,E05,general,84
1991,E05,key,1
1991,E05,regional,2
1991,E05,special,6
1991,E05,youth_c,14
1991,E06,general,43
1991,E06,key,4
1991,E06,regional,1
1991,E06,special,2
1991,E06,youth_c,9
1991,E07,general,20
1991,E07,key,3
1991,E07,special,1
1991,E07,youth_c,5
1991,E08,general,51
1991,E08,regional,1
1991,E08,special,1
1991,E08,youth_c,12
1991,E09,general,24
1991,E09,key,3
1991,E09,regional,2
1991,E09,special,3
1991,E09,youth_c,7
1991,E10,general,11
1991,E10,key,3
1991,E10,youth_c,3
1991,E11,general,1
1992,E01,general,63
1992,E01,key,7
1992,E01,regional,1
1992,E01,special,14
1992,E01,youth_c,12
1992,E02,general,40
1992,E02,key,4
1992,E02,special,21
1992,E02,youth_c,10
1992,E03,general,27
1992,E03,key,8
1992,E03,special,10
1992,E03,youth_c,5
1992,E04,general,25
1992,E04,key,3
1992,E04,regional,2
1992,E04,special,1
1992,E04,youth_c,7
1992,E05,general,88
1992,E05,key,14
1992,E05,regional,1
1992,E05,special,8
1992,E05,youth_c,17
1992,E06,general,46
1992,E06,key,7
1992,E06,regional,1
1992,E06,special,8
1992,E06,youth_c,12
1992,E07,general,21
1992,E07,regional,1
1992,E07,youth_c,5
1992,E08,general,45
1992,E08,key,8
1992,E08,youth_c,10
1992,E09,general,27
1992,E09,key,4
1992,E09,regional,2
1992,E09,youth_c,6
1992,E10,general,14
1992,E10,youth_c,6
1992,E11,general,1
1993,E01,general,74
1993,E01,key,13
1993,E01,regional,1
1993,E01,special,13
1993,E01,youth_c,9
1993,E02,general,41
1993,E02,key,5
1993,E02,regional,1
1993,E02,special,8
1993,E02,youth_c,12
1993,E03,general,31
1993,E03,key,4
1993,E03,regional,1
1993,E03,special,7
1993,E03,youth_c,5
1993,E04,general,23
1993,E04,youth_c,6
1993,E05,general,90
1993,E05,key,9
1993,E05,regional,1
1993,E05,special,7
1993,E05,youth_c,19
1993,E06,general,48
1993,E06,key,4
1993,E06,regional,1
1993,E06,special,4
1993,E06,youth_c,12
1993,E07,general,21
1993,E07,special,1
1993,E07,youth_c,7
1993,E08,general,44
1993,E08,key,3
1993,E08,regional,2
1993,E08,special,1
1993,E08,youth_c,12
1993,E09,general,24
1993,E09,key,6
1993,E09,regional,2
1993,E09,youth_c,8
1993,E10,general,12
1993,E10,youth_c,2
1994,E01,general,71
1994,E01,key,8
1994,E01,regional,2
1994,E01,special,11
1994,E01,youth_c,14
1994,E02,general,41
1994,E02,key,7
1994,E02,regional,1
1994,E02,special,11
1994,E02,youth_c,12
1994,E03,general,29
1994,E03,key,3
1994,E03,regional,1
1994,E03,special,9
1994,E03,youth_c,6
1994,E04,general,27
1994,E04,key,4
1994,E04,special,1
1994,E04,youth_c,6
1994,E05,general,90
1994,E05,key,3
1994,E05,regional,1
1994,E05,special,8
1994,E05,youth_c,19
1994,E06,general,47
1994,E06,key,3
1994,E06,regional,1
1994,E06,special,6
1994,E06,youth_c,12
1994,E07,general,22
1994,E07,key,2
1994,E07,youth_c,7
1994,E08,general,41
1994,E08,regional,1
1994,E08,special,2
1994,E08,youth_c,11
1994,E09,general,25
1994,E09,regional,2
1994,E09,special,3
1994,E09,youth_c,5
1994,E10,general,13
1994,E10,youth_c,4
1994,E11,general,1
1995,E01,general,67
1995,E01,regional,1
1995,E01,special,11
1995,E01,youth_c,15
1995,E02,general,42
1995,E02,regional,1
1995,E02,special,13
1995,E02,youth_c,9
1995,E03,general,30
1995,E03,regional,1
1995,E03,special,9
1995,E03,youth_c,8
1995,E04,general,34
1995,E04,regional,1
1995,E04,special,1
1995,E04,youth_c,8
1995,E05,general,92
1995,E05,regional,2
1995,E05,special,6
1995,E05,youth_c,22
1995,E06,general,47
1995,E06,regional,1
1995,E06,special,6
1995,E06,youth_c,13
1995,E07,general,24
1995,E07,regional,1
1995,E07,youth_c,6
1995,E08,general,43
1995,E08,regional,1
1995,E08,youth_c,11
1995,E09,general,25
1995,E09,regional,1
1995,E09,youth_c,7
1995,E10,general,12
1995,E10,youth_c,4
1995,E11,general,1
1996,E01,general,67
1996,E01,key,3
1996,E01,regional,2
1996,E01,special,8
1996,E01,youth_c,13
1996,E02,general,43
1996,E02,key,3
1996,E02,regional,1
1996,E02,special,12
1996,E02,youth_c,12
1996,E03,general,30
1996,E03,key,2
1996,E03,special,6
1996,E03,youth_c,7
1996,E04,general,34
1996,E04,key,3
1996,E04,youth_c,8
1996,E05,general,89
1996,E05,key,5
1996,E05,regional,2
1996,E05,special,4
1996,E05,youth_c,22
1996,E06,general,47
1996,E06,key,2
1996,E06,regional,1
1996,E06,special,4
1996,E06,youth_c,13
1996,E07,general,24
1996,E07,key,2
1996,E07,regional,1
1996,E07,special,1
1996,E07,youth_c,7
1996,E08,general,44
1996,E08,key,3
1996,E08,special,1
1996,E08,youth_c,12
1996,E09,general,26
1996,E09,key,1
1996,E09,regional,2
1996,E09,special,2
1996,E09,youth_c,8
1996,E10,general,13
1996,E10,key,1
1996,E10,regional,2
1996,E10,youth_c,1
1997,E01,general,70
1997,E01,key,3
1997,E01,regional,1
1997,E01,special,5
1997,E01,youth_c,12
1997,E02,general,43
1997,E02,key,2
1997,E02,regional,2
1997,E02,special,11
1997,E02,youth_c,13
1997,E03,general,30
1997,E03,key,2
1997,E03,regional,2
1997,E03,special,7
1997,E03,youth_c,8
1997,E04,general,35
1997,E04,key,2
1997,E04,regional,2
1997,E04,youth_c,8
1997,E05,general,90
1997,E05,key,3
1997,E05,regional,1
1997,E05,special,7
1997,E05,youth_c,22
1997,E06,general,49
1997,E06,key,1
1997,E06,regional,1
1997,E06,special,2
1997,E06,youth_c,11
1997,E07,general,25
1997,E07,key,1
1997,E07,special,1
1997,E07,youth_c,7
1997,E08,general,45
1997,E08,key,1
1997,E08,regional,1
1997,E08,special,2
1997,E08,youth_c,12
1997,E09,general,24
1997,E09,key,2
1997,E09,regional,2
1997,E09,youth_c,8
1997,E10,general,14
1997,E10,key,1
1997,E10,youth_c,2
1997,E11,general,2
1998,E01,general,67
1998,E01,key,3
1998,E01,regional,2
1998,E01,special,11
1998,E01,youth_c,13
1998,E02,general,50
1998,E02,key,6
1998,E02,regional,2
1998,E02,special,10
1998,E02,youth_c,12
1998,E03,general,30
1998,E03,key,4
1998,E03,regional,2
1998,E03,special,5
1998,E03,youth_c,8
1998,E04,general,34
1998,E04,key,1
1998,E04,regional,2
1998,E04,youth_c,9
1998,E05,general,91
1998,E05,key,5
1998,E05,regional,1
1998,E05,special,8
1998,E05,youth_c,22
1998,E06,general,47
1998,E06,key,5
1998,E06,regional,1
1998,E06,special,6
1998,E06,youth_c,12
1998,E07,general,25
1998,E07,key,2
1998,E07,regional,1
1998,E07,youth_c,6
1998,E08,general,46
1998,E08,key,3
1998,E08,regional,3
1998,E08,special,1
1998,E08,youth_c,12
1998,E09,general,24
1998,E09,key,1
1998,E09,regional,1
1998,E09,special,1
1998,E09,youth_c,7
1998,E10,general,16
1998,E10,key,2
1998,E10,youth_c,1
1998,E11,youth_c,1
1999,E01,general,67
1999,E01,key,3
1999,E01,regional,2
1999,E01,special,9
1999,E01,youth_c,13
1999,E02,general,45
1999,E02,key,3
1999,E02,regional,1
1999,E02,special,13
1999,E02,youth_c,13
1999,E03,general,28
1999,E03,key,2
1999,E03,regional,1
1999,E03,special,7
1999,E03,youth_c,8
1999,E04,general,35
1999,E04,key,2
1999,E04,regional,2
1999,E04,youth_c,8
1999,E05,general,88
1999,E05,key,3
1999,E05,regional,3
1999,E05,special,9
1999,E05,youth_c,23
1999,E06,general,47
1999,E06,key,2
1999,E06,regional,2
1999,E06,special,3
1999,E06,youth_c,14
1999,E07,general,24
1999,E07,key,2
1999,E07,regional,1
1999,E07,special,3
1999,E07,youth_c,5
1999,E08,general,44
1999,E08,key,2
1999,E08,regional,2
1999,E08,youth_c,13
1999,E09,general,22
1999,E09,key,1
1999,E09,regional,1
1999,E09,special,1
1999,E09,youth_c,5
1999,E10,general,15
1999,E10,special,1
1999,E10,youth_c,3
1999,E11,general,3
1999,E11,youth_c,2
2000,E01,general,69
2000,E01,key,1
2000,E01,regional,2
2000,E01,special,8
2000,E01,youth_c,14
2000,E02,general,46
2000,E02,key,2
2000,E02,regional,2
2000,E02,special,11
2000,E02,youth_c,15
2000,E03,general,30
2000,E03,key,1
2000,E03,regional,2
2000,E03,special,6
2000,E03,youth_c,9
2000,E04,general,36
2000,E04,key,1
2000,E04,regional,2
2000,E04,special,3
2000,E04,youth_c,9
2000,E05,general,91
2000,E05,key,1
2000,E05,regional,2
2000,E05,special,8
2000,E05,youth_c,27
2000,E06,general,48
2000,E06,regional,2
2000,E06,special,5
2000,E06,youth_c,16
2000,E07,general,27
2000,E07,special,2
2000,E07,youth_c,8
2000,E08,general,44
2000,E08,key,1
2000,E08,regional,1
2000,E08,youth_c,13
2000,E09,general,26
2000,E09,key,1
2000,E09,regional,1
2000,E09,special,1
2000,E09,youth_c,7
2000,E10,general,15
2000,E10,regional,1
2000,E10,special,1
2000,E10,youth_c,5
2000,E11,general,2
2001,E01,general,73
2001,E01,joint_fund,8
2001,E01,key,5
2001,E01,regional,2
2001,E01,special,5
2001,E01,youth_c,11
2001,E02,general,60
2001,E02,joint_fund,3
2001,E02,key,4
2001,E02,major_research_plan,4
2001,E02,regional,2
2001,E02,special,2
2001,E02,youth_c,9
2001,E03,general,33
2001,E03,joint_fund,3
2001,E03,key,2
2001,E03,major_research_plan,6
2001,E03,regional,1
2001,E03,special,5
2001,E03,youth_c,11
2001,E04,general,41
2001,E04,joint_fund,22
2001,E04,key,2
2001,E04,regional,4
2001,E04,special,2
2001,E04,youth_c,13
2001,E05,general,112
2001,E05,joint_fund,6
2001,E05,key,5
2001,E05,regional,1
2001,E05,special,4
2001,E05,youth_c,22
2001,E06,general,52
2001,E06,joint_fund,2
2001,E06,key,4
2001,E06,regional,2
2001,E06,special,2
2001,E06,youth_c,16
2001,E07,general,28
2001,E07,joint_fund,1
2001,E07,key,3
2001,E07,regional,1
2001,E07,special,1
2001,E07,youth_c,10
2001,E08,general,55
2001,E08,joint_fund,2
2001,E08,special,2
2001,E08,youth_c,14
2001,E09,general,32
2001,E09,key,4
2001,E09,regional,2
2001,E09,special,2
2001,E09,youth_c,5
2001,E10,general,20
2001,E10,key,2
2001,E10,regional,1
2001,E10,special,1
2001,E10,youth_c,4
2001,E11,general,4
2002,E01,general,81
2002,E01,joint_fund,4
2002,E01,key,4
2002,E01,major_research_plan,3
2002,E01,regional,4
2002,E01,special,2
2002,E01,youth_c,20
2002,E02,general,82
2002,E02,joint_fund,2
2002,E02,key,5
2002,E02,major_research_plan,22
2002,E02,regional,2
2002,E02,special,6
2002,E02,youth_c,18
2002,E03,general,46
2002,E03,joint_fund,2
2002,E03,key,3
2002,E03,major_research_plan,9
2002,E03,regional,2
2002,E03,special,6
2002,E03,youth_c,16
2002,E04,general,56
2002,E04,joint_fund,24
2002,E04,key,4
2002,E04,major_research_plan,7
2002,E04,regional,4
2002,E04,special,5
2002,E04,youth_c,14
2002,E05,general,154
2002,E05,key,4
2002,E05,major_research_plan,5
2002,E05,regional,2
2002,E05,special,2
2002,E05,youth_c,27
2002,E06,general,73
2002,E06,joint_fund,3
2002,E06,key,3
2002,E06,major_research_plan,15
2002,E06,special,2
2002,E06,youth_c,26
2002,E07,general,39
2002,E07,joint_fund,1
2002,E07,key,3
2002,E07,major_research_plan,3
2002,E07,regional,1
2002,E07,special,1
2002,E07,youth_c,11
2002,E08,general,84
2002,E08,joint_fund,1
2002,E08,key,3
2002,E08,regional,3
2002,E08,special,2
2002,E08,youth_c,14
2002,E09,general,43
2002,E09,joint_fund,13
2002,E09,key,2
2002,E09,major_research_plan,4
2002,E09,regional,2
2002,E09,special,2
2002,E09,youth_c,13
2002,E10,general,20
2002,E10,joint_fund,4
2002,E10,key,2
2002,E10,regional,1
2002,E10,youth_c,6
2002,E11,general,3
2002,E11,youth_c,1
2003,E01,general,100
2003,E01,joint_fund,6
2003,E01,key,4
2003,E01,major_research_plan,1
2003,E01,regional,4
2003,E01,special,2
2003,E01,youth_c,18
2003,E02,general,85
2003,E02,joint_fund,1
2003,E02,key,6
2003,E02,major_research_plan,8
2003,E02,regional,3
2003,E02,special,7
2003,E02,youth_c,16
2003,E03,general,53
2003,E03,key,5
2003,E03,major_research_plan,3
2003,E03,regional,1
2003,E03,special,6
2003,E03,youth_c,20
2003,E04,general,65
2003,E04,joint_fund,23
2003,E04,key,5
2003,E04,regional,4
2003,E04,special,7
2003,E04,youth_c,14
2003,E05,general,164
2003,E05,joint_fund,1
2003,E05,key,5
2003,E05,major_research_plan,1
2003,E05,regional,3
2003,E05,special,5
2003,E05,youth_c,37
2003,E06,general,76
2003,E06,joint_fund,3
2003,E06,key,5
2003,E06,major_research_plan,3
2003,E06,regional,2
2003,E06,special,7
2003,E06,youth_c,26
2003,E07,general,46
2003,E07,joint_fund,1
2003,E07,key,2
2003,E07,major_research_plan,1
2003,E07,regional,1
2003,E07,special,7
2003,E07,youth_c,15
2003,E08,general,75
2003,E08,joint_fund,2
2003,E08,key,4
2003,E08,regional,1
2003,E08,special,6
2003,E08,youth_c,22
2003,E09,general,41
2003,E09,joint_fund,9
2003,E09,key,2
2003,E09,major_research_plan,1
2003,E09,regional,2
2003,E09,special,1
2003,E09,youth_c,15
2003,E10,general,27
2003,E10,key,1
2003,E10,regional,1
2003,E10,special,3
2003,E10,youth_c,10
2003,E11,general,6
2003,E11,regional,1
2003,E11,youth_c,1
2004,E01,general,104
2004,E01,joint_fund,6
2004,E01,key,3
2004,E01,major_research_plan,1
2004,E01,regional,4
2004,E01,special,5
2004,E01,youth_c,23
2004,E02,general,104
2004,E02,key,5
2004,E02,major_research_plan,12
2004,E02,special,8
2004,E02,youth_c,26
2004,E03,general,64
2004,E03,key,4
2004,E03,major_research_plan,6
2004,E03,regional,2
2004,E03,special,4
2004,E03,youth_c,29
2004,E04,general,78
2004,E04,joint_fund,17
2004,E04,key,4
2004,E04,major_research_plan,5
2004,E04,regional,5
2004,E04,special,6
2004,E04,youth_c,18
2004,E05,general,185
2004,E05,joint_fund,1
2004,E05,key,3
2004,E05,major_research_plan,1
2004,E05,regional,3
2004,E05,special,10
2004,E05,youth_c,47
2004,E06,general,91
2004,E06,joint_fund,1
2004,E06,key,4
2004,E06,major_research_plan,5
2004,E06,regional,1
2004,E06,special,7
2004,E06,youth_c,28
2004,E07,general,56
2004,E07,key,3
2004,E07,major_research_plan,1
2004,E07,regional,3
2004,E07,special,4
2004,E07,youth_c,17
2004,E08,general,95
2004,E08,joint_fund,4
2004,E08,key,2
2004,E08,regional,5
2004,E08,special,4
2004,E08,youth_c,31
2004,E09,general,52
2004,E09,joint_fund,8
2004,E09,major_research_plan,4
2004,E09,regional,3
2004,E09,special,4
2004,E09,youth_c,13
2004,E10,general,34
2004,E10,joint_fund,2
2004,E10,special,2
2004,E10,youth_c,8
2004,E11,general,7
2004,E11,key,1
2004,E11,special,1
2004,E11,youth_c,2
2005,E01,general,110
2005,E01,joint_fund,5
2005,E01,key,6
2005,E01,regional,4
2005,E01,special,5
2005,E01,youth_c,22
2005,E02,general,127
2005,E02,key,10
2005,E02,major_research_plan,4
2005,E02,regional,3
2005,E02,special,10
2005,E02,youth_c,39
2005,E03,general,94
2005,E03,key,8
2005,E03,major_research_plan,5
2005,E03,regional,2
2005,E03,special,5
2005,E03,youth_c,25
2005,E04,general,98
2005,E04,joint_fund,12
2005,E04,key,8
2005,E04,major_research_plan,3
2005,E04,regional,6
2005,E04,special,9
2005,E04,youth_c,21
2005,E05,general,233
2005,E05,key,5
2005,E05,regional,4
2005,E05,special,9
2005,E05,youth_c,50
2005,E06,general,107
2005,E06,joint_fund,1
2005,E06,key,4
2005,E06,major_research_plan,4
2005,E06,regional,1
2005,E06,special,8
2005,E06,youth_c,32
2005,E07,general,75
2005,E07,key,5
2005,E07,major_research_plan,2
2005,E07,regional,1
2005,E07,special,1
2005,E07,youth_c,20
2005,E08,general,131
2005,E08,joint_fund,5
2005,E08,key,8
2005,E08,regional,3
2005,E08,special,7
2005,E08,youth_c,35
2005,E09,general,67
2005,E09,joint_fund,35
2005,E09,key,1
2005,E09,major_research_plan,4
2005,E09,regional,3
2005,E09,special,2
2005,E09,youth_c,17
2005,E10,general,45
2005,E10,key,1
2005,E10,major_research_plan,1
2005,E10,regional,2
2005,E10,special,1
2005,E10,youth_c,16
2005,E11,general,7
2005,E11,youth_c,5
2006,E01,general,119
2006,E01,joint_fund,3
2006,E01,key,4
2006,E01,regional,5
2006,E01,special,5
2006,E01,youth_c,29
2006,E02,general,136
2006,E02,joint_fund,2
2006,E02,key,7
2006,E02,major_research_plan,8
2006,E02,regional,6
2006,E02,special,10
2006,E02,youth_c,50
2006,E03,general,104
2006,E03,joint_fund,2
2006,E03,key,5
2006,E03,regional,3
2006,E03,special,3
2006,E03,youth_c,32
2006,E04,general,105
2006,E04,joint_fund,8
2006,E04,key,4
2006,E04,major_research_plan,4
2006,E04,regional,8
2006,E04,special,8
2006,E04,youth_c,22
2006,E05,general,234
2006,E05,joint_fund,2
2006,E05,key,6
2006,E05,major_research_plan,1
2006,E05,regional,5
2006,E05,special,12
2006,E05,youth_c,66
2006,E06,general,113
2006,E06,joint_fund,1
2006,E06,key,5
2006,E06,major_research_plan,10
2006,E06,regional,1
2006,E06,special,7
2006,E06,youth_c,38
2006,E07,general,73
2006,E07,key,2
2006,E07,major_research_plan,2
2006,E07,regional,2
2006,E07,special,4
2006,E07,youth_c,23
2006,E08,general,138
2006,E08,key,4
2006,E08,regional,3
2006,E08,special,4
2006,E08,youth_c,53
2006,E09,general,73
2006,E09,joint_fund,11
2006,E09,key,4
2006,E09,major_research_plan,3
2006,E09,regional,5
2006,E09,special,2
2006,E09,youth_c,26
2006,E10,general,54
2006,E10,joint_fund,4
2006,E10,key,1
2006,E10,major_research_plan,2
2006,E10,regional,2
2006,E10,youth_c,21
2006,E11,general,5
2006,E11,youth_c,4
2007,E01,general,106
2007,E01,joint_fund,7
2007,E01,key,8
2007,E01,regional,7
2007,E01,special,7
2007,E01,youth_c,48
2007,E02,general,136
2007,E02,joint_fund,6
2007,E02,key,11
2007,E02,major_research_plan,5
2007,E02,regional,6
2007,E02,special,9
2007,E02,youth_c,80
2007,E03,general,97
2007,E03,key,4
2007,E03,major_research_plan,4
2007,E03,regional,6
2007,E03,special,7
2007,E03,youth_c,48
2007,E04,general,107
2007,E04,joint_fund,9
2007,E04,key,4
2007,E04,regional,9
2007,E04,special,5
2007,E04,youth_c,41
2007,E05,general,228
2007,E05,joint_fund,2
2007,E05,key,11
2007,E05,regional,8
2007,E05,special,13
2007,E05,youth_c,100
2007,E06,general,102
2007,E06,key,8
2007,E06,major_research_plan,1
2007,E06,regional,2
2007,E06,special,7
2007,E06,youth_c,58
2007,E07,general,71
2007,E07,key,4
2007,E07,major_research_plan,1
2007,E07,regional,3
2007,E07,special,6
2007,E07,youth_c,36
2007,E08,general,143
2007,E08,key,6
2007,E08,major_research_plan,33
2007,E08,regional,9
2007,E08,special,4
2007,E08,youth_c,84
2007,E09,general,70
2007,E09,key,3
2007,E09,major_research_plan,5
2007,E09,regional,8
2007,E09,special,5
2007,E09,youth_c,33
2007,E10,general,49
2007,E10,key,1
2007,E10,regional,1
2007,E10,special,4
2007,E10,youth_c,42
2007,E11,general,6
2007,E11,key,1
2007,E11,youth_c,4
2008,E01,general,126
2008,E01,joint_fund,5
2008,E01,key,7
2008,E01,major_research_plan,1
2008,E01,regional,8
2008,E01,special,7
2008,E01,youth_c,70
2008,E02,general,160
2008,E02,key,10
2008,E02,major_research_plan,3
2008,E02,regional,9
2008,E02,special,11
2008,E02,youth_c,119
2008,E03,general,116
2008,E03,key,11
2008,E03,major_research_plan,1
2008,E03,regional,5
2008,E03,special,8
2008,E03,youth_c,73
2008,E04,general,126
2008,E04,joint_fund,13
2008,E04,key,7
2008,E04,regional,11
2008,E04,special,7
2008,E04,youth_c,61
2008,E05,general,272
2008,E05,key,11
2008,E05,regional,11
2008,E05,special,17
2008,E05,youth_c,150
2008,E06,general,119
2008,E06,joint_fund,1
2008,E06,key,7
2008,E06,major_research_plan,2
2008,E06,regional,3
2008,E06,special,8
2008,E06,youth_c,85
2008,E07,general,83
2008,E07,key,5
2008,E07,regional,4
2008,E07,special,4
2008,E07,youth_c,57
2008,E08,general,171
2008,E08,key,8
2008,E08,major_research_plan,27
2008,E08,regional,11
2008,E08,special,11
2008,E08,youth_c,145
2008,E09,general,71
2008,E09,key,5
2008,E09,major_research_plan,3
2008,E09,regional,8
2008,E09,special,9
2008,E09,youth_c,56
2008,E10,general,61
2008,E10,key,4
2008,E10,regional,2
2008,E10,special,2
2008,E10,youth_c,55
2008,E11,general,14
2008,E11,key,1
2008,E11,special,1
2008,E11,youth_c,12
2009,E01,general,135
2009,E01,joint_fund,1
2009,E01,key,6
2009,E01,major_research_plan,1
2009,E01,regional,10
2009,E01,special,7
2009,E01,youth_c,90
2009,E02,general,170
2009,E02,key,7
2009,E02,major_research_plan,13
2009,E02,regional,11
2009,E02,special,10
2009,E02,youth_c,150
2009,E03,general,129
2009,E03,key,9
2009,E03,major_research_plan,2
2009,E03,regional,6
2009,E03,special,7
2009,E03,youth_c,96
2009,E04,general,142
2009,E04,joint_fund,14
2009,E04,key,6
2009,E04,major_research_plan,1
2009,E04,regional,14
2009,E04,special,15
2009,E04,youth_c,83
2009,E05,general,303
2009,E05,key,9
2009,E05,major_research_plan,24
2009,E05,regional,17
2009,E05,special,12
2009,E05,youth_c,192
2009,E06,general,130
2009,E06,key,9
2009,E06,major_research_plan,2
2009,E06,regional,4
2009,E06,special,5
2009,E06,youth_c,102
2009,E07,general,94
2009,E07,key,5
2009,E07,regional,4
2009,E07,special,5
2009,E07,youth_c,76
2009,E08,general,199
2009,E08,key,5
2009,E08,major_research_plan,11
2009,E08,regional,15
2009,E08,special,5
2009,E08,youth_c,183
2009,E09,general,79
2009,E09,key,3
2009,E09,major_research_plan,1
2009,E09,regional,8
2009,E09,special,4
2009,E09,youth_c,68
2009,E10,general,79
2009,E10,key,4
2009,E10,regional,4
2009,E10,special,2
2009,E10,youth_c,78
2009,E11,general,24
2009,E11,key,2
2009,E11,special,1
2009,E11,youth_c,27
2010,E01,general,182
2010,E01,key,4
2010,E01,major_research_plan,3
2010,E01,regional,16
2010,E01,special,15
2010,E01,youth_c,120
2010,E02,general,239
2010,E02,key,8
2010,E02,major_research_plan,17
2010,E02,regional,18
2010,E02,special,14
2010,E02,youth_c,194
2010,E03,general,179
2010,E03,key,7
2010,E03,major_research_plan,4
2010,E03,regional,9
2010,E03,special,13
2010,E03,youth_c,124
2010,E04,general,202
2010,E04,joint_fund,15
2010,E04,key,7
2010,E04,major_research_plan,2
2010,E04,regional,22
2010,E04,special,21
2010,E04,youth_c,119
2010,E05,general,420
2010,E05,key,8
2010,E05,major_research_plan,30
2010,E05,regional,28
2010,E05,special,18
2010,E05,youth_c,263
2010,E06,general,173
2010,E06,key,7
2010,E06,major_research_plan,12
2010,E06,regional,8
2010,E06,special,15
2010,E06,youth_c,129
2010,E07,general,139
2010,E07,key,6
2010,E07,major_research_plan,1
2010,E07,regional,9
2010,E07,special,10
2010,E07,youth_c,100
2010,E08,general,283
2010,E08,key,7
2010,E08,major_research_plan,13
2010,E08,regional,19
2010,E08,special,12
2010,E08,youth_c,244
2010,E09,general,104
2010,E09,key,3
2010,E09,major_research_plan,3
2010,E09,regional,14
2010,E09,special,9
2010,E09,youth_c,93
2010,E10,general,114
2010,E10,key,5
2010,E10,regional,11
2010,E10,special,2
2010,E10,youth_c,97
2010,E11,general,40
2010,E11,key,1
2010,E11,special,4
2010,E11,youth_c,44
2011,E01,general,216
2011,E01,joint_fund,1
2011,E01,key,9
2011,E01,major_research_plan,1
2011,E01,regional,25
2011,E01,special,11
2011,E01,youth_c,178
2011,E02,general,292
2011,E02,joint_fund,1
2011,E02,key,10
2011,E02,major_research_plan,15
2011,E02,regional,26
2011,E02,special,14
2011,E02,youth_c,289
2011,E03,general,214
2011,E03,joint_fund,1
2011,E03,key,9
2011,E03,major_research_plan,5
2011,E03,regional,16
2011,E03,special,14
2011,E03,youth_c,183
2011,E04,general,246
2011,E04,joint_fund,63
2011,E04,key,7
2011,E04,regional,34
2011,E04,special,14
2011,E04,youth_c,194
2011,E05,general,535
2011,E05,joint_fund,5
2011,E05,key,9
2011,E05,major_research_plan,18
2011,E05,regional,44
2011,E05,special,19
2011,E05,youth_c,395
2011,E06,general,211
2011,E06,key,7
2011,E06,regional,14
2011,E06,special,13
2011,E06,youth_c,188
2011,E07,general,182
2011,E07,joint_fund,5
2011,E07,key,6
2011,E07,regional,18
2011,E07,special,9
2011,E07,youth_c,156
2011,E08,general,379
2011,E08,joint_fund,6
2011,E08,key,6
2011,E08,regional,36
2011,E08,special,8
2011,E08,youth_c,360
2011,E09,general,128
2011,E09,key,5
2011,E09,regional,21
2011,E09,special,7
2011,E09,youth_c,141
2011,E10,general,139
2011,E10,key,4
2011,E10,regional,14
2011,E10,special,4
2011,E10,youth_c,160
2011,E11,general,58
2011,E11,key,1
2011,E11,special,2
2011,E11,youth_c,58
2012,E01,general,215
2012,E01,joint_fund,3
2012,E01,key,8
2012,E01,major_research_plan,3
2012,E01,regional,28
2012,E01,special,14
2012,E01,youth_c,192
2012,E02,general,302
2012,E02,joint_fund,4
2012,E02,key,9
2012,E02,major_research_plan,10
2012,E02,regional,32
2012,E02,special,11
2012,E02,youth_c,304
2012,E03,general,221
2012,E03,joint_fund,4
2012,E03,key,8
2012,E03,major_research_plan,12
2012,E03,regional,21
2012,E03,special,10
2012,E03,youth_c,196
2012,E04,general,268
2012,E04,joint_fund,50
2012,E04,key,10
2012,E04,major_research_plan,1
2012,E04,regional,39
2012,E04,special,15
2012,E04,youth_c,221
2012,E05,general,560
2012,E05,joint_fund,6
2012,E05,key,10
2012,E05,major_research_plan,3
2012,E05,regional,51
2012,E05,special,20
2012,E05,youth_c,434
2012,E06,general,214
2012,E06,joint_fund,2
2012,E06,key,8
2012,E06,regional,16
2012,E06,special,12
2012,E06,youth_c,198
2012,E07,general,196
2012,E07,joint_fund,5
2012,E07,key,7
2012,E07,regional,21
2012,E07,special,9
2012,E07,youth_c,174
2012,E08,general,412
2012,E08,joint_fund,7
2012,E08,key,8
2012,E08,major_research_plan,1
2012,E08,regional,45
2012,E08,special,10
2012,E08,youth_c,408
2012,E09,general,131
2012,E09,joint_fund,2
2012,E09,key,5
2012,E09,regional,27
2012,E09,special,7
2012,E09,youth_c,146
2012,E10,general,145
2012,E10,joint_fund,1
2012,E10,key,5
2012,E10,regional,18
2012,E10,special,3
2012,E10,youth_c,169
2012,E11,general,63
2012,E11,key,4
2012,E11,special,3
2012,E11,youth_c,56
2013,E01,general,202
2013,E01,joint_fund,2
2013,E01,key,8
2013,E01,major_research_plan,1
2013,E01,regional,28
2013,E01,special,10
2013,E01,youth_c,215
2013,E02,general,282
2013,E02,joint_fund,6
2013,E02,key,9
2013,E02,major_research_plan,11
2013,E02,regional,31
2013,E02,special,15
2013,E02,youth_c,327
2013,E03,general,205
2013,E03,joint_fund,3
2013,E03,key,8
2013,E03,major_research_plan,12
2013,E03,regional,20
2013,E03,special,12
2013,E03,youth_c,216
2013,E04,general,269
2013,E04,joint_fund,58
2013,E04,key,8
2013,E04,regional,40
2013,E04,special,15
2013,E04,youth_c,260
2013,E05,general,520
2013,E05,joint_fund,7
2013,E05,key,11
2013,E05,major_research_plan,6
2013,E05,regional,53
2013,E05,special,24
2013,E05,youth_c,478
2013,E06,general,204
2013,E06,joint_fund,3
2013,E06,key,11
2013,E06,major_research_plan,2
2013,E06,regional,15
2013,E06,special,13
2013,E06,youth_c,215
2013,E07,general,188
2013,E07,joint_fund,2
2013,E07,key,9
2013,E07,regional,19
2013,E07,special,12
2013,E07,youth_c,187
2013,E08,general,413
2013,E08,joint_fund,7
2013,E08,key,8
2013,E08,regional,49
2013,E08,special,9
2013,E08,youth_c,446
2013,E09,general,136
2013,E09,joint_fund,3
2013,E09,key,5
2013,E09,regional,25
2013,E09,special,12
2013,E09,youth_c,151
2013,E10,general,138
2013,E10,key,3
2013,E10,major_research_plan,1
2013,E10,regional,17
2013,E10,special,8
2013,E10,youth_c,171
2013,E11,general,59
2013,E11,key,2
2013,E11,regional,1
2013,E11,special,2
2013,E11,youth_c,67
2014,E01,general,189
2014,E01,joint_fund,5
2014,E01,key,9
2014,E01,regional,35
2014,E01,youth_c,241
2014,E02,general,276
2014,E02,joint_fund,9
2014,E02,key,9
2014,E02,major_research_plan,10
2014,E02,regional,37
2014,E02,youth_c,366
2014,E03,general,187
2014,E03,joint_fund,3
2014,E03,key,9
2014,E03,major_research_plan,8
2014,E03,regional,23
2014,E03,youth_c,244
2014,E04,general,257
2014,E04,joint_fund,19
2014,E04,key,9
2014,E04,major_research_plan,1
2014,E04,regional,44
2014,E04,youth_c,308
2014,E05,general,483
2014,E05,joint_fund,7
2014,E05,key,12
2014,E05,major_research_plan,3
2014,E05,regional,59
2014,E05,youth_c,522
2014,E06,general,189
2014,E06,joint_fund,3
2014,E06,key,9
2014,E06,major_research_plan,29
2014,E06,regional,17
2014,E06,youth_c,239
2014,E07,general,184
2014,E07,joint_fund,3
2014,E07,key,8
2014,E07,regional,22
2014,E07,youth_c,199
2014,E08,general,377
2014,E08,joint_fund,12
2014,E08,key,8
2014,E08,regional,54
2014,E08,youth_c,480
2014,E09,general,128
2014,E09,joint_fund,2
2014,E09,key,5
2014,E09,regional,30
2014,E09,youth_c,166
2014,E10,general,138
2014,E10,joint_fund,1
2014,E10,key,5
2014,E10,regional,17
2014,E10,youth_c,184
2014,E11,general,63
2014,E11,key,1
2014,E11,youth_c,75
2015,E01,general,214
2015,E01,joint_fund,13
2015,E01,key,9
2015,E01,major_research_plan,1
2015,E01,regional,33
2015,E01,youth_c,228
2015,E02,general,301
2015,E02,joint_fund,20
2015,E02,key,10
2015,E02,regional,37
2015,E02,youth_c,352
2015,E03,general,217
2015,E03,joint_fund,6
2015,E03,key,9
2015,E03,regional,23
2015,E03,youth_c,232
2015,E04,general,296
2015,E04,joint_fund,31
2015,E04,key,9
2015,E04,regional,45
2015,E04,youth_c,298
2015,E05,general,545
2015,E05,joint_fund,43
2015,E05,key,12
2015,E05,major_research_plan,2
2015,E05,regional,60
2015,E05,youth_c,505
2015,E06,general,214
2015,E06,joint_fund,9
2015,E06,key,9
2015,E06,major_research_plan,26
2015,E06,regional,17
2015,E06,youth_c,227
2015,E07,general,191
2015,E07,joint_fund,7
2015,E07,key,10
2015,E07,major_research_plan,1
2015,E07,regional,22
2015,E07,youth_c,193
2015,E08,general,441
2015,E08,joint_fund,9
2015,E08,key,9
2015,E08,major_research_plan,4
2015,E08,regional,49
2015,E08,youth_c,446
2015,E09,general,145
2015,E09,joint_fund,2
2015,E09,key,7
2015,E09,major_research_plan,17
2015,E09,regional,30
2015,E09,youth_c,155
2015,E10,general,157
2015,E10,key,5
2015,E10,major_research_plan,8
2015,E10,regional,23
2015,E10,youth_c,181
2015,E11,general,68
2015,E11,key,1
2015,E11,youth_c,77
2016,E01,general,219
2016,E01,joint_fund,5
2016,E01,key,9
2016,E01,regional,33
2016,E01,youth_c,228
2016,E02,general,314
2016,E02,joint_fund,9
2016,E02,key,10
2016,E02,major_research_plan,5
2016,E02,regional,38
2016,E02,youth_c,357
2016,E03,general,220
2016,E03,joint_fund,2
2016,E03,key,9
2016,E03,regional,22
2016,E03,youth_c,236
2016,E04,general,305
2016,E04,joint_fund,30
2016,E04,key,9
2016,E04,major_research_plan,2
2016,E04,regional,47
2016,E04,youth_c,310
2016,E05,general,539
2016,E05,joint_fund,44
2016,E05,key,11
2016,E05,major_research_plan,22
2016,E05,regional,58
2016,E05,youth_c,497
2016,E06,general,213
2016,E06,joint_fund,5
2016,E06,key,9
2016,E06,major_research_plan,30
2016,E06,regional,17
2016,E06,youth_c,227
2016,E07,general,195
2016,E07,joint_fund,2
2016,E07,key,10
2016,E07,regional,21
2016,E07,youth_c,188
2016,E08,general,459
2016,E08,key,9
2016,E08,regional,51
2016,E08,youth_c,409
2016,E09,general,141
2016,E09,key,6
2016,E09,major_research_plan,21
2016,E09,regional,29
2016,E09,youth_c,154
2016,E10,general,159
2016,E10,key,5
2016,E10,major_research_plan,6
2016,E10,regional,22
2016,E10,youth_c,176
2016,E11,general,85
2016,E11,key,2
2016,E11,youth_c,79
2017,E01,general,237
2017,E01,joint_fund,11
2017,E01,key,10
2017,E01,regional,37
2017,E01,youth_c,242
2017,E02,general,339
2017,E02,joint_fund,10
2017,E02,key,10
2017,E02,regional,43
2017,E02,youth_c,378
2017,E03,general,231
2017,E03,joint_fund,3
2017,E03,key,10
2017,E03,regional,24
2017,E03,youth_c,260
2017,E04,general,343
2017,E04,joint_fund,38
2017,E04,key,10
2017,E04,regional,51
2017,E04,youth_c,338
2017,E05,general,564
2017,E05,joint_fund,38
2017,E05,key,13
2017,E05,major_research_plan,21
2017,E05,regional,63
2017,E05,youth_c,544
2017,E06,general,228
2017,E06,joint_fund,7
2017,E06,key,10
2017,E06,major_research_plan,29
2017,E06,regional,18
2017,E06,youth_c,248
2017,E07,general,217
2017,E07,joint_fund,27
2017,E07,key,11
2017,E07,major_research_plan,1
2017,E07,regional,24
2017,E07,youth_c,204
2017,E08,general,509
2017,E08,joint_fund,5
2017,E08,key,10
2017,E08,regional,57
2017,E08,youth_c,403
2017,E09,general,158
2017,E09,joint_fund,19
2017,E09,key,7
2017,E09,major_research_plan,6
2017,E09,regional,32
2017,E09,youth_c,154
2017,E10,general,172
2017,E10,key,5
2017,E10,major_research_plan,2
2017,E10,regional,21
2017,E10,youth_c,204
2017,E11,general,83
2017,E11,joint_fund,8
2017,E11,key,2
2017,E11,regional,1
2017,E11,youth_c,91
2018,E01,general,250
2018,E01,joint_fund,12
2018,E01,key,12
2018,E01,major_research_plan,17
2018,E01,regional,34
2018,E01,youth_c,237
2018,E02,general,340
2018,E02,joint_fund,16
2018,E02,key,11
2018,E02,major_research_plan,5
2018,E02,regional,35
2018,E02,youth_c,361
2018,E03,general,240
2018,E03,joint_fund,6
2018,E03,key,11
2018,E03,major_research_plan,6
2018,E03,regional,22
2018,E03,youth_c,246
2018,E04,general,371
2018,E04,joint_fund,30
2018,E04,key,10
2018,E04,major_research_plan,4
2018,E04,regional,45
2018,E04,youth_c,355
2018,E05,general,585
2018,E05,joint_fund,26
2018,E05,key,13
2018,E05,major_research_plan,27
2018,E05,regional,59
2018,E05,youth_c,556
2018,E06,general,226
2018,E06,joint_fund,10
2018,E06,key,10
2018,E06,major_research_plan,2
2018,E06,regional,17
2018,E06,youth_c,251
2018,E07,general,216
2018,E07,joint_fund,17
2018,E07,key,11
2018,E07,regional,22
2018,E07,youth_c,205
2018,E08,general,519
2018,E08,joint_fund,7
2018,E08,key,10
2018,E08,regional,58
2018,E08,youth_c,401
2018,E09,general,162
2018,E09,joint_fund,8
2018,E09,key,7
2018,E09,major_research_plan,3
2018,E09,regional,26
2018,E09,youth_c,161
2018,E10,general,197
2018,E10,key,4
2018,E10,regional,24
2018,E10,youth_c,207
2018,E11,general,89
2018,E11,joint_fund,5
2018,E11,key,3
2018,E11,youth_c,91
2019,E01,general,251
2019,E01,joint_fund,9
2019,E01,key,12
2019,E01,major_research_plan,8
2019,E01,regional,35
2019,E01,youth_c,253
2019,E02,general,349
2019,E02,joint_fund,17
2019,E02,key,11
2019,E02,major_research_plan,24
2019,E02,regional,36
2019,E02,youth_c,353
2019,E03,general,245
2019,E03,joint_fund,4
2019,E03,key,11
2019,E03,major_research_plan,4
2019,E03,regional,21
2019,E03,youth_c,258
2019,E04,general,379
2019,E04,joint_fund,36
2019,E04,key,10
2019,E04,major_research_plan,1
2019,E04,regional,46
2019,E04,youth_c,359
2019,E05,general,597
2019,E05,joint_fund,37
2019,E05,key,14
2019,E05,major_research_plan,10
2019,E05,regional,58
2019,E05,youth_c,557
2019,E06,general,238
2019,E06,joint_fund,4
2019,E06,key,11
2019,E06,major_research_plan,7
2019,E06,regional,19
2019,E06,youth_c,265
2019,E07,general,220
2019,E07,joint_fund,19
2019,E07,key,11
2019,E07,regional,20
2019,E07,youth_c,206
2019,E08,general,512
2019,E08,joint_fund,19
2019,E08,key,10
2019,E08,regional,58
2019,E08,youth_c,432
2019,E09,general,155
2019,E09,joint_fund,14
2019,E09,key,7
2019,E09,regional,27
2019,E09,youth_c,158
2019,E10,general,208
2019,E10,joint_fund,2
2019,E10,key,5
2019,E10,regional,21
2019,E10,youth_c,178
2019,E11,general,96
2019,E11,joint_fund,6
2019,E11,key,3
2019,E11,regional,2
2019,E11,youth_c,90
2020,E01,general,239
2020,E01,joint_fund,17
2020,E01,major_research_plan,7
2020,E01,regional,40
2020,E01,youth_c,244
2020,E02,general,316
2020,E02,joint_fund,17
2020,E02,major_research_plan,8
2020,E02,regional,37
2020,E02,youth_c,330
2020,E03,general,221
2020,E03,joint_fund,13
2020,E03,major_research_plan,3
2020,E03,regional,21
2020,E03,youth_c,240
2020,E04,general,366
2020,E04,joint_fund,18
2020,E04,major_research_plan,5
2020,E04,regional,49
2020,E04,youth_c,343
2020,E05,general,559
2020,E05,joint_fund,32
2020,E05,major_research_plan,12
2020,E05,regional,65
2020,E05,youth_c,521
2020,E06,general,219
2020,E06,joint_fund,11
2020,E06,regional,17
2020,E06,youth_c,250
2020,E07,general,223
2020,E07,joint_fund,22
2020,E07,major_research_plan,7
2020,E07,regional,21
2020,E07,youth_c,199
2020,E08,general,509
2020,E08,joint_fund,16
2020,E08,regional,67
2020,E08,youth_c,410
2020,E09,general,150
2020,E09,joint_fund,18
2020,E09,major_research_plan,8
2020,E09,regional,29
2020,E09,youth_c,149
2020,E10,general,196
2020,E10,joint_fund,7
2020,E10,regional,23
2020,E10,youth_c,185
2020,E11,general,110
2020,E11,joint_fund,7
2020,E11,regional,2
2020,E11,youth_c,94
2020,E12,general,102
2020,E12,joint_fund,8
2020,E12,regional,10
2020,E12,youth_c,81
2020,E13,general,94
2020,E13,joint_fund,8
2020,E13,major_research_plan,2
2020,E13,regional,9
2020,E13,youth_c,66
2021,E01,major_research_plan,5
2021,E01,youth_c,293
2021,E02,general,1
2021,E02,major_research_plan,17
2021,E02,youth_c,372
2021,E03,major_research_plan,4
2021,E03,youth_c,277
2021,E04,major_research_plan,1
2021,E04,youth_c,404
2021,E05,major_research_plan,2
2021,E05,youth_c,589
2021,E06,youth_c,285
2021,E07,general,1
2021,E07,major_research_plan,6
2021,E07,youth_c,241
2021,E08,youth_c,480
2021,E09,youth_c,169
2021,E10,youth_c,219
2021,E11,youth_c,110
2021,E12,youth_c,105
2021,E13,major_research_plan,7
2021,E13,youth_c,88
2022,E01,youth_c,4
2022,E02,youth_c,8
2022,E03,youth_c,10
2022,E04,youth_c,7
2022,E05,youth_c,8
2022,E06,youth_c,2
2022,E07,youth_c,11
2022,E08,youth_c,10
2022,E09,major_research_plan,1
2022,E09,youth_c,3
2022,E10,youth_c,5
2022,E13,youth_c,2
2023,E01,youth_c,1
2023,E02,youth_c,3
2023,E05,youth_c,3
2023,E07,youth_c,1
2023,E08,youth_c,1
2023,E12,youth_c,1
2023,E13,youth_c,1
