project_type,discipline_scope,change_year,added_templates,removed_templates,previous_template_count,current_template_count
general,E01,1989,5{YY}71{SERIAL:03d},5{YY}70{SERIAL:03d},1,1
general,E02,1989,5{YY}72{SERIAL:03d},5{YY}70{SERIAL:03d},1,1
general,E03,1989,5{YY}73{SERIAL:03d},5{YY}70{SERIAL:03d},1,1
general,E04,1989,5{YY}74{SERIAL:03d},5{YY}70{SERIAL:03d},1,1
general,E05,1989,5{YY}75{SERIAL:03d},5{YY}70{SERIAL:03d},1,1
general,E05,1993,5{YY}79{SERIAL:03d},,1,2
general,E05,1994,,5{YY}79{SERIAL:03d},2,1
general,E05,1995,5{YY}79{SERIAL:03d},,1,2
general,E05,1996,,5{YY}79{SERIAL:03d},2,1
general,E06,1989,5{YY}76{SERIAL:03d},5{YY}70{SERIAL:03d},1,1
general,E07,1989,5{YY}77{SERIAL:03d},5{YY}70{SERIAL:03d},1,1
general,E08,1989,5{YY}78{SERIAL:03d},5{YY}70{SERIAL:03d},1,1
general,E09,1989,5{YY}79{SERIAL:03d},5{YY}70{SERIAL:03d},1,1
general,E09,1997,5{YY}78{SERIAL:03d},,1,2
general,E09,1998,,5{YY}78{SERIAL:03d},2,1
general,E10,1989,5{YY}78{SERIAL:03d};5{YY}79{SERIAL:03d},5{YY}70{SERIAL:03d},1,2
general,E10,2020,5{YY}70{SERIAL:03d},5{YY}78{SERIAL:03d};5{YY}79{SERIAL:03d},2,1
general,E11,1989,5{YY}79{SERIAL:03d},5{YY}70{SERIAL:03d},1,1
general,E11,2020,5{YY}71{SERIAL:03d},5{YY}79{SERIAL:03d},1,1
joint_fund,E01,2002,,5{YY}22{SERIAL:03d},2,1
joint_fund,E01,2005,5{YY}22{SERIAL:03d},,1,2
joint_fund,E01,2006,,5{YY}22{SERIAL:03d},2,1
joint_fund,E01,2007,U{YY}34{SERIAL:03d};U{YY}74{SERIAL:03d},,1,3
joint_fund,E01,2008,5{YY}31{SERIAL:03d},U{YY}34{SERIAL:03d};U{YY}74{SERIAL:03d},3,2
joint_fund,E01,2009,,5{YY}31{SERIAL:03d},2,1
joint_fund,E01,2011,U{YY}34{SERIAL:03d},5{YY}71{SERIAL:03d},1,1
joint_fund,E01,2012,U{YY}04{SERIAL:03d},,1,2
joint_fund,E01,2013,,U{YY}34{SERIAL:03d},2,1
joint_fund,E01,2014,U{YY}07{SERIAL:03d};U{YY}35{SERIAL:03d},,1,3
joint_fund,E01,2015,U{YY}08{SERIAL:03d};U{YY}37{SERIAL:03d};U{YY}64{SERIAL:03d},U{YY}07{SERIAL:03d};U{YY}35{SERIAL:03d},3,4
joint_fund,E01,2016,U{YY}10{SERIAL:03d},U{YY}04{SERIAL:03d},4,4
joint_fund,E01,2017,U{YY}06{SERIAL:03d},,4,5
joint_fund,E01,2018,U{YY}09{SERIAL:03d};U{YY}67{SERIAL:03d},U{YY}64{SERIAL:03d},5,6
joint_fund,E01,2019,U19A2{SERIAL:03d};U{YY}64{SERIAL:03d},U{YY}09{SERIAL:03d};U{YY}10{SERIAL:03d};U{YY}37{SERIAL:03d},6,5
joint_fund,E01,2020,U20A20{SERIAL:03d};U20B2{SERIAL:03d};U{YY}37{SERIAL:03d},U19A2{SERIAL:03d};U{YY}08{SERIAL:03d};U{YY}64{SERIAL:03d},5,5
joint_fund,E02,2006,U{YY}34{SERIAL:03d},5{YY}72{SERIAL:03d},1,1
joint_fund,E02,2007,5{YY}72{SERIAL:03d},,1,2
joint_fund,E02,2011,,5{YY}72{SERIAL:03d},2,1
joint_fund,E02,2012,U{YY}04{SERIAL:03d},U{YY}34{SERIAL:03d},1,1
joint_fund,E02,2014,U{YY}35{SERIAL:03d},,1,2
joint_fund,E02,2015,U{YY}10{SERIAL:03d};U{YY}37{SERIAL:03d},U{YY}35{SERIAL:03d},2,3
joint_fund,E02,2016,U{YY}64{SERIAL:03d},U{YY}04{SERIAL:03d},3,3
joint_fund,E02,2018,U{YY}06{SERIAL:03d};U{YY}08{SERIAL:03d};U{YY}09{SERIAL:03d},,3,6
joint_fund,E02,2019,U19A2{SERIAL:03d},U{YY}08{SERIAL:03d},6,6
joint_fund,E02,2020,U20A20{SERIAL:03d},U19A2{SERIAL:03d};U{YY}06{SERIAL:03d};U{YY}09{SERIAL:03d};U{YY}10{SERIAL:03d};U{YY}37{SERIAL:03d};U{YY}64{SERIAL:03d},6,1
joint_fund,E03,2002,,5{YY}03{SERIAL:03d},2,1
joint_fund,E03,2006,U{YY}34{SERIAL:03d},5{YY}73{SERIAL:03d},1,1
joint_fund,E03,2012,U{YY}04{SERIAL:03d},U{YY}34{SERIAL:03d},1,1
joint_fund,E03,2015,U{YY}10{SERIAL:03d};U{YY}37{SERIAL:03d},,1,3
joint_fund,E03,2016,U{YY}08{SERIAL:03d};U{YY}64{SERIAL:03d},U{YY}04{SERIAL:03d};U{YY}10{SERIAL:03d};U{YY}37{SERIAL:03d},3,2
joint_fund,E03,2017,U{YY}06{SERIAL:03d};U{YY}10{SERIAL:03d},U{YY}64{SERIAL:03d},2,3
joint_fund,E03,2018,U{YY}09{SERIAL:03d};U{YY}37{SERIAL:03d};U{YY}64{SERIAL:03d},U{YY}06{SERIAL:03d},3,5
joint_fund,E03,2019,U19A2{SERIAL:03d},U{YY}09{SERIAL:03d};U{YY}10{SERIAL:03d};U{YY}37{SERIAL:03d};U{YY}64{SERIAL:03d},5,2
joint_fund,E03,2020,U20A20{SERIAL:03d};U20B2{SERIAL:03d};U{YY}06{SERIAL:03d};U{YY}37{SERIAL:03d},U19A2{SERIAL:03d};U{YY}08{SERIAL:03d},2,4
joint_fund,E04,2002,,5{YY}30{SERIAL:03d},2,1
joint_fund,E04,2003,5{YY}34{SERIAL:03d},,1,2
joint_fund,E04,2012,U{YY}04{SERIAL:03d};U{YY}60{SERIAL:03d};U{YY}61{SERIAL:03d},5{YY}34{SERIAL:03d};5{YY}74{SERIAL:03d},2,3
joint_fund,E04,2014,U{YY}07{SERIAL:03d};U{YY}35{SERIAL:03d},U{YY}61{SERIAL:03d},3,4
joint_fund,E04,2015,U{YY}08{SERIAL:03d};U{YY}10{SERIAL:03d};U{YY}37{SERIAL:03d},U{YY}07{SERIAL:03d};U{YY}35{SERIAL:03d},4,5
joint_fund,E04,2016,U{YY}64{SERIAL:03d},U{YY}04{SERIAL:03d};U{YY}37{SERIAL:03d},5,4
joint_fund,E04,2019,U19A20{SERIAL:03d};U19A2{SERIAL:03d};U19B2{SERIAL:03d};U{YY}67{SERIAL:03d},U{YY}10{SERIAL:03d};U{YY}64{SERIAL:03d},4,6
joint_fund,E04,2020,U20A20{SERIAL:03d};U20B2{SERIAL:03d},U19A20{SERIAL:03d};U19A2{SERIAL:03d};U19B2{SERIAL:03d};U{YY}08{SERIAL:03d};U{YY}60{SERIAL:03d};U{YY}67{SERIAL:03d},6,2
joint_fund,E05,2003,5{YY}35{SERIAL:03d},5{YY}22{SERIAL:03d},1,1
joint_fund,E05,2004,5{YY}22{SERIAL:03d},5{YY}35{SERIAL:03d},1,1
joint_fund,E05,2006,5{YY}75{SERIAL:03d};U{YY}35{SERIAL:03d},5{YY}22{SERIAL:03d},1,2
joint_fund,E05,2007,U{YY}34{SERIAL:03d},5{YY}75{SERIAL:03d};U{YY}35{SERIAL:03d},2,1
joint_fund,E05,2012,U{YY}04{SERIAL:03d},,1,2
joint_fund,E05,2015,U{YY}08{SERIAL:03d};U{YY}09{SERIAL:03d};U{YY}10{SERIAL:03d};U{YY}37{SERIAL:03d};U{YY}64{SERIAL:03d},,2,7
joint_fund,E05,2016,U{YY}13{SERIAL:03d},U{YY}04{SERIAL:03d};U{YY}34{SERIAL:03d},7,6
joint_fund,E05,2017,U{YY}34{SERIAL:03d},,6,7
joint_fund,E05,2019,U19A20{SERIAL:03d},,7,8
joint_fund,E05,2020,U20A20{SERIAL:03d};U20B2{SERIAL:03d};U{YY}67{SERIAL:03d},U19A20{SERIAL:03d};U{YY}08{SERIAL:03d};U{YY}09{SERIAL:03d};U{YY}10{SERIAL:03d};U{YY}34{SERIAL:03d};U{YY}64{SERIAL:03d},8,5
joint_fund,E06,2002,,5{YY}76{SERIAL:03d},2,1
joint_fund,E06,2003,5{YY}76{SERIAL:03d},,1,2
joint_fund,E06,2004,,5{YY}76{SERIAL:03d},2,1
joint_fund,E06,2006,U{YY}34{SERIAL:03d},5{YY}22{SERIAL:03d},1,1
joint_fund,E06,2008,5{YY}76{SERIAL:03d},U{YY}34{SERIAL:03d},1,1
joint_fund,E06,2012,U{YY}04{SERIAL:03d},5{YY}76{SERIAL:03d},1,1
joint_fund,E06,2015,U{YY}08{SERIAL:03d};U{YY}10{SERIAL:03d};U{YY}64{SERIAL:03d},,1,4
joint_fund,E06,2016,,U{YY}04{SERIAL:03d};U{YY}64{SERIAL:03d},4,2
joint_fund,E06,2017,U{YY}09{SERIAL:03d};U{YY}37{SERIAL:03d},U{YY}08{SERIAL:03d},2,3
joint_fund,E06,2018,U{YY}64{SERIAL:03d};U{YY}65{SERIAL:03d},U{YY}09{SERIAL:03d},3,4
joint_fund,E06,2019,U{YY}06{SERIAL:03d},U{YY}37{SERIAL:03d};U{YY}64{SERIAL:03d},4,3
joint_fund,E06,2020,U20A20{SERIAL:03d};U20B2{SERIAL:03d},U{YY}10{SERIAL:03d};U{YY}65{SERIAL:03d},3,3
joint_fund,E07,2002,5{YY}37{SERIAL:03d},5{YY}77{SERIAL:03d},1,1
joint_fund,E07,2011,U{YY}34{SERIAL:03d},5{YY}37{SERIAL:03d},1,1
joint_fund,E07,2012,U{YY}04{SERIAL:03d},,1,2
joint_fund,E07,2013,,U{YY}34{SERIAL:03d},2,1
joint_fund,E07,2014,U{YY}34{SERIAL:03d},,1,2
joint_fund,E07,2015,U{YY}10{SERIAL:03d};U{YY}64{SERIAL:03d},,2,4
joint_fund,E07,2016,,U{YY}04{SERIAL:03d};U{YY}34{SERIAL:03d};U{YY}64{SERIAL:03d},4,1
joint_fund,E07,2017,U{YY}34{SERIAL:03d};U{YY}37{SERIAL:03d};U{YY}64{SERIAL:03d};U{YY}66{SERIAL:03d},U{YY}10{SERIAL:03d},1,4
joint_fund,E07,2018,U{YY}06{SERIAL:03d},U{YY}37{SERIAL:03d},4,4
joint_fund,E07,2019,U19A20{SERIAL:03d};U{YY}10{SERIAL:03d};U{YY}65{SERIAL:03d},U{YY}06{SERIAL:03d},4,6
joint_fund,E07,2020,U20A20{SERIAL:03d};U{YY}06{SERIAL:03d},U19A20{SERIAL:03d};U{YY}10{SERIAL:03d};U{YY}64{SERIAL:03d};U{YY}65{SERIAL:03d},6,4
joint_fund,E08,2011,U{YY}34{SERIAL:03d},5{YY}22{SERIAL:03d},1,1
joint_fund,E08,2012,U{YY}04{SERIAL:03d},,1,2
joint_fund,E08,2017,,U{YY}04{SERIAL:03d},2,1
joint_fund,E08,2018,U{YY}06{SERIAL:03d};U{YY}39{SERIAL:03d},,1,3
joint_fund,E08,2019,U19A20{SERIAL:03d};U{YY}65{SERIAL:03d},U{YY}06{SERIAL:03d},3,4
joint_fund,E08,2020,U20A20{SERIAL:03d};U{YY}06{SERIAL:03d},U19A20{SERIAL:03d};U{YY}65{SERIAL:03d},4,4
joint_fund,E09,2003,5{YY}09{SERIAL:03d},,2,3
joint_fund,E09,2005,,5{YY}09{SERIAL:03d},3,2
joint_fund,E09,2012,U{YY}04{SERIAL:03d},5{YY}39{SERIAL:03d};5{YY}79{SERIAL:03d},2,1
joint_fund,E09,2017,U{YY}06{SERIAL:03d};U{YY}65{SERIAL:03d},U{YY}04{SERIAL:03d},1,2
joint_fund,E09,2019,U19A20{SERIAL:03d};U{YY}34{SERIAL:03d},,2,4
joint_fund,E09,2020,U20A20{SERIAL:03d};U{YY}40{SERIAL:03d},U19A20{SERIAL:03d};U{YY}06{SERIAL:03d};U{YY}34{SERIAL:03d};U{YY}65{SERIAL:03d},4,2
joint_fund,E10,2004,5{YY}79{SERIAL:03d},5{YY}08{SERIAL:03d};5{YY}38{SERIAL:03d};5{YY}78{SERIAL:03d},3,1
joint_fund,E10,2006,5{YY}39{SERIAL:03d},,1,2
joint_fund,E10,2012,U{YY}04{SERIAL:03d},5{YY}39{SERIAL:03d};5{YY}79{SERIAL:03d},2,1
joint_fund,E10,2019,U19A20{SERIAL:03d},U{YY}04{SERIAL:03d},1,1
joint_fund,E10,2020,U20A20{SERIAL:03d};U20B2{SERIAL:03d},U19A20{SERIAL:03d},1,2
joint_fund,E11,2018,,U{YY}09{SERIAL:03d},3,2
joint_fund,E11,2019,U19B2{SERIAL:03d},U{YY}13{SERIAL:03d},2,2
joint_fund,E11,2020,U20A20{SERIAL:03d},U19B2{SERIAL:03d},2,2
key,E01,1993,5{YY}32{SERIAL:03d},,1,2
key,E01,1994,,5{YY}32{SERIAL:03d},2,1
key,E02,2003,5{YY}33{SERIAL:03d},,1,2
key,E02,2004,,5{YY}33{SERIAL:03d},2,1
key,E02,2007,5{YY}30{SERIAL:03d},,1,2
key,E02,2009,,5{YY}30{SERIAL:03d},2,1
key,E03,2008,5{YY}30{SERIAL:03d},,1,2
key,E03,2010,,5{YY}30{SERIAL:03d},2,1
key,E04,2008,5{YY}30{SERIAL:03d},,1,2
key,E04,2009,,5{YY}30{SERIAL:03d},2,1
key,E05,1992,5{YY}35{SERIAL:03d},5{YY}39{SERIAL:03d},1,1
key,E05,1993,5{YY}32{SERIAL:03d};5{YY}38{SERIAL:03d},,1,3
key,E05,1994,,5{YY}32{SERIAL:03d};5{YY}38{SERIAL:03d},3,1
key,E05,2007,5{YY}30{SERIAL:03d},,1,2
key,E05,2010,,5{YY}30{SERIAL:03d},2,1
key,E06,1994,5{YY}31{SERIAL:03d},5{YY}36{SERIAL:03d},1,1
key,E06,1996,5{YY}36{SERIAL:03d},5{YY}31{SERIAL:03d},1,1
key,E06,2007,5{YY}30{SERIAL:03d},,1,2
key,E06,2008,,5{YY}30{SERIAL:03d},2,1
key,E06,2009,5{YY}30{SERIAL:03d},,1,2
key,E06,2010,,5{YY}30{SERIAL:03d},2,1
key,E08,2008,5{YY}30{SERIAL:03d},,1,2
key,E08,2009,,5{YY}30{SERIAL:03d},2,1
key,E09,2008,5{YY}30{SERIAL:03d},,1,2
key,E09,2009,,5{YY}30{SERIAL:03d},2,1
key,E10,1996,5{YY}39{SERIAL:03d},5{YY}38{SERIAL:03d},1,1
key,E10,1997,5{YY}38{SERIAL:03d},5{YY}39{SERIAL:03d},1,1
key,E10,1998,5{YY}39{SERIAL:03d},,1,2
key,E10,2001,,5{YY}39{SERIAL:03d},2,1
key,E10,2002,5{YY}39{SERIAL:03d},,1,2
key,E10,2003,,5{YY}38{SERIAL:03d},2,1
key,E10,2005,5{YY}38{SERIAL:03d},5{YY}39{SERIAL:03d},1,1
key,E10,2008,5{YY}30{SERIAL:03d},,1,2
key,E10,2009,5{YY}39{SERIAL:03d},5{YY}30{SERIAL:03d},2,2
major_research_plan,E01,2008,9{YY}16{SERIAL:03d},9{YY}06{SERIAL:03d},1,1
major_research_plan,E01,2009,9{YY}23{SERIAL:03d},9{YY}16{SERIAL:03d},1,1
major_research_plan,E01,2010,9{YY}26{SERIAL:03d},9{YY}23{SERIAL:03d},1,1
major_research_plan,E01,2011,9{YY}23{SERIAL:03d},9{YY}26{SERIAL:03d},1,1
major_research_plan,E01,2012,9{YY}22{SERIAL:03d};9{YY}26{SERIAL:03d},9{YY}23{SERIAL:03d},1,2
major_research_plan,E01,2013,,9{YY}22{SERIAL:03d},2,1
major_research_plan,E01,2015,9{YY}45{SERIAL:03d},9{YY}26{SERIAL:03d},1,1
major_research_plan,E01,2018,9{YY}56{SERIAL:03d};9{YY}60{SERIAL:03d},9{YY}45{SERIAL:03d},1,2
major_research_plan,E01,2019,9{YY}63{SERIAL:03d},9{YY}56{SERIAL:03d},2,2
major_research_plan,E01,2020,9{YY}61{SERIAL:03d};9{YY}66{SERIAL:03d},9{YY}63{SERIAL:03d},2,3
major_research_plan,E01,2021,9{YY}63{SERIAL:03d},9{YY}60{SERIAL:03d};9{YY}61{SERIAL:03d},3,2
major_research_plan,E02,2002,9{YY}03{SERIAL:03d};9{YY}05{SERIAL:03d};9{YY}06{SERIAL:03d};9{YY}07{SERIAL:03d},,1,5
major_research_plan,E02,2003,,9{YY}03{SERIAL:03d};9{YY}07{SERIAL:03d},5,3
major_research_plan,E02,2004,9{YY}03{SERIAL:03d},,3,4
major_research_plan,E02,2005,9{YY}10{SERIAL:03d},9{YY}03{SERIAL:03d};9{YY}06{SERIAL:03d},4,3
major_research_plan,E02,2006,9{YY}06{SERIAL:03d},9{YY}05{SERIAL:03d},3,3
major_research_plan,E02,2007,9{YY}16{SERIAL:03d},9{YY}06{SERIAL:03d};9{YY}10{SERIAL:03d},3,2
major_research_plan,E02,2008,,9{YY}01{SERIAL:03d},2,1
major_research_plan,E02,2009,9{YY}22{SERIAL:03d};9{YY}23{SERIAL:03d},,1,3
major_research_plan,E02,2012,9{YY}33{SERIAL:03d},9{YY}23{SERIAL:03d},3,3
major_research_plan,E02,2013,,9{YY}16{SERIAL:03d};9{YY}22{SERIAL:03d},3,1
major_research_plan,E02,2016,9{YY}22{SERIAL:03d},9{YY}33{SERIAL:03d},1,1
major_research_plan,E02,2018,9{YY}33{SERIAL:03d};9{YY}60{SERIAL:03d},9{YY}22{SERIAL:03d},1,2
major_research_plan,E02,2019,9{YY}63{SERIAL:03d},9{YY}33{SERIAL:03d},2,2
major_research_plan,E02,2020,9{YY}61{SERIAL:03d};9{YY}64{SERIAL:03d};9{YY}66{SERIAL:03d},,2,5
major_research_plan,E02,2021,,9{YY}60{SERIAL:03d};9{YY}61{SERIAL:03d};9{YY}64{SERIAL:03d},5,2
major_research_plan,E03,2002,9{YY}06{SERIAL:03d},,1,2
major_research_plan,E03,2004,9{YY}05{SERIAL:03d},9{YY}06{SERIAL:03d},2,2
major_research_plan,E03,2007,,9{YY}05{SERIAL:03d},2,1
major_research_plan,E03,2008,9{YY}16{SERIAL:03d},9{YY}01{SERIAL:03d},1,1
major_research_plan,E03,2009,9{YY}23{SERIAL:03d},9{YY}16{SERIAL:03d},1,1
major_research_plan,E03,2010,9{YY}16{SERIAL:03d};9{YY}27{SERIAL:03d},,1,3
major_research_plan,E03,2011,,9{YY}16{SERIAL:03d},3,2
major_research_plan,E03,2012,9{YY}33{SERIAL:03d},9{YY}23{SERIAL:03d},2,2
major_research_plan,E03,2013,,9{YY}27{SERIAL:03d},2,1
major_research_plan,E03,2018,9{YY}56{SERIAL:03d};9{YY}60{SERIAL:03d},,1,3
major_research_plan,E03,2019,9{YY}63{SERIAL:03d},9{YY}33{SERIAL:03d};9{YY}56{SERIAL:03d};9{YY}60{SERIAL:03d},3,1
major_research_plan,E03,2020,9{YY}56{SERIAL:03d};9{YY}66{SERIAL:03d},9{YY}63{SERIAL:03d},1,2
major_research_plan,E03,2021,9{YY}61{SERIAL:03d};9{YY}63{SERIAL:03d},9{YY}56{SERIAL:03d};9{YY}66{SERIAL:03d},2,2
major_research_plan,E04,2009,9{YY}16{SERIAL:03d},9{YY}10{SERIAL:03d},1,1
major_research_plan,E04,2010,9{YY}10{SERIAL:03d};9{YY}26{SERIAL:03d},9{YY}16{SERIAL:03d},1,2
major_research_plan,E04,2012,9{YY}16{SERIAL:03d},9{YY}10{SERIAL:03d};9{YY}26{SERIAL:03d},2,1
major_research_plan,E04,2014,9{YY}34{SERIAL:03d},9{YY}16{SERIAL:03d},1,1
major_research_plan,E04,2018,9{YY}45{SERIAL:03d};9{YY}60{SERIAL:03d},9{YY}34{SERIAL:03d},1,2
major_research_plan,E04,2019,9{YY}62{SERIAL:03d},9{YY}45{SERIAL:03d};9{YY}60{SERIAL:03d},2,1
major_research_plan,E04,2020,9{YY}60{SERIAL:03d};9{YY}66{SERIAL:03d},,1,3
major_research_plan,E04,2021,,9{YY}60{SERIAL:03d};9{YY}66{SERIAL:03d},3,1
major_research_plan,E05,2003,,9{YY}06{SERIAL:03d},2,1
major_research_plan,E05,2004,9{YY}07{SERIAL:03d},9{YY}05{SERIAL:03d},1,1
major_research_plan,E05,2009,9{YY}16{SERIAL:03d};9{YY}23{SERIAL:03d},9{YY}07{SERIAL:03d},1,2
major_research_plan,E05,2010,,9{YY}16{SERIAL:03d},2,1
major_research_plan,E05,2016,9{YY}48{SERIAL:03d},,1,2
major_research_plan,E05,2017,,9{YY}23{SERIAL:03d},2,1
major_research_plan,E05,2018,9{YY}60{SERIAL:03d},,1,2
major_research_plan,E05,2019,9{YY}63{SERIAL:03d},,2,3
major_research_plan,E05,2020,,9{YY}63{SERIAL:03d},3,2
major_research_plan,E05,2021,9{YY}66{SERIAL:03d};9{YY}67{SERIAL:03d},9{YY}48{SERIAL:03d};9{YY}60{SERIAL:03d},2,2
major_research_plan,E06,2003,,9{YY}07{SERIAL:03d};9{YY}10{SERIAL:03d},3,1
major_research_plan,E06,2004,9{YY}10{SERIAL:03d},9{YY}05{SERIAL:03d},1,1
major_research_plan,E06,2005,9{YY}05{SERIAL:03d},,1,2
major_research_plan,E06,2006,,9{YY}05{SERIAL:03d},2,1
major_research_plan,E06,2007,9{YY}16{SERIAL:03d},9{YY}10{SERIAL:03d},1,1
major_research_plan,E06,2008,9{YY}10{SERIAL:03d},,1,2
major_research_plan,E06,2009,,9{YY}10{SERIAL:03d},2,1
major_research_plan,E06,2010,9{YY}10{SERIAL:03d},,1,2
major_research_plan,E06,2013,9{YY}34{SERIAL:03d},9{YY}10{SERIAL:03d};9{YY}16{SERIAL:03d},2,1
major_research_plan,E06,2014,9{YY}41{SERIAL:03d},,1,2
major_research_plan,E06,2017,9{YY}52{SERIAL:03d},9{YY}34{SERIAL:03d},2,2
major_research_plan,E06,2018,9{YY}60{SERIAL:03d},9{YY}52{SERIAL:03d},2,2
major_research_plan,E07,2003,9{YY}05{SERIAL:03d},9{YY}10{SERIAL:03d},1,1
major_research_plan,E07,2005,9{YY}10{SERIAL:03d},9{YY}05{SERIAL:03d},1,1
major_research_plan,E07,2007,9{YY}16{SERIAL:03d},9{YY}10{SERIAL:03d},1,1
major_research_plan,E07,2010,9{YY}10{SERIAL:03d},9{YY}16{SERIAL:03d},1,1
major_research_plan,E07,2015,9{YY}36{SERIAL:03d},9{YY}10{SERIAL:03d},1,1
major_research_plan,E07,2017,9{YY}46{SERIAL:03d},9{YY}36{SERIAL:03d},1,1
major_research_plan,E07,2020,9{YY}66{SERIAL:03d},9{YY}46{SERIAL:03d},1,1
major_research_plan,E09,2003,9{YY}02{SERIAL:03d},9{YY}10{SERIAL:03d},1,1
major_research_plan,E09,2004,9{YY}10{SERIAL:03d},9{YY}02{SERIAL:03d},1,1
major_research_plan,E09,2007,9{YY}15{SERIAL:03d},9{YY}10{SERIAL:03d},1,1
major_research_plan,E09,2010,9{YY}10{SERIAL:03d},9{YY}15{SERIAL:03d},1,1
major_research_plan,E09,2015,9{YY}47{SERIAL:03d},9{YY}10{SERIAL:03d},1,1
major_research_plan,E10,2013,9{YY}34{SERIAL:03d},9{YY}10{SERIAL:03d},1,1
major_research_plan,E10,2015,9{YY}44{SERIAL:03d};9{YY}47{SERIAL:03d},9{YY}34{SERIAL:03d},1,2
major_research_plan,E10,2017,,9{YY}44{SERIAL:03d},2,1
major_research_plan,E13,2021,9{YY}63{SERIAL:03d},9{YY}60{SERIAL:03d},2,2
regional,E08,1998,5{YY}69{SERIAL:03d},,1,2
regional,E08,1999,,5{YY}69{SERIAL:03d},2,1
regional,E10,2001,5{YY}69{SERIAL:03d},5{YY}68{SERIAL:03d},1,1
regional,E10,2003,5{YY}68{SERIAL:03d},5{YY}69{SERIAL:03d},1,1
regional,E10,2005,5{YY}69{SERIAL:03d},,1,2
regional,E10,2006,,5{YY}68{SERIAL:03d},2,1
regional,E10,2007,5{YY}68{SERIAL:03d},5{YY}69{SERIAL:03d},1,1
regional,E10,2008,5{YY}69{SERIAL:03d},,1,2
regional,E10,2020,5{YY}60{SERIAL:03d},5{YY}68{SERIAL:03d};5{YY}69{SERIAL:03d},2,1
regional,E11,2020,5{YY}61{SERIAL:03d},5{YY}69{SERIAL:03d},1,1
special,E01,1988,,5{YY}50{SERIAL:03d},2,1
special,E01,1989,5{YY}41{SERIAL:03d},5{YY}80{SERIAL:03d},1,1
special,E01,1990,5{YY}81{SERIAL:03d},,1,2
special,E01,1992,5{YY}23{SERIAL:03d},,2,3
special,E01,1993,,5{YY}23{SERIAL:03d},3,2
special,E01,1995,5{YY}51{SERIAL:03d},,2,3
special,E01,1996,,5{YY}51{SERIAL:03d},3,2
special,E01,1997,,5{YY}41{SERIAL:03d},2,1
special,E01,1998,5{YY}23{SERIAL:03d};5{YY}41{SERIAL:03d};5{YY}89{SERIAL:03d},,1,4
special,E01,1999,5{YY}20{SERIAL:03d},5{YY}23{SERIAL:03d},4,4
special,E01,2000,,5{YY}20{SERIAL:03d};5{YY}89{SERIAL:03d},4,2
special,E01,2001,5{YY}20{SERIAL:03d},5{YY}81{SERIAL:03d},2,2
special,E01,2002,,5{YY}20{SERIAL:03d},2,1
special,E01,2003,5{YY}23{SERIAL:03d},,1,2
special,E01,2004,5{YY}24{SERIAL:03d};5{YY}51{SERIAL:03d},5{YY}23{SERIAL:03d},2,3
special,E01,2005,E{YY}24{SERIAL:03d},5{YY}24{SERIAL:03d};5{YY}51{SERIAL:03d},3,2
special,E01,2007,,E{YY}24{SERIAL:03d},2,1
special,E01,2008,5{YY}24{SERIAL:03d};5{YY}27{SERIAL:03d};5{YY}40{SERIAL:03d},,1,4
special,E01,2009,5{YY}51{SERIAL:03d},5{YY}24{SERIAL:03d};5{YY}27{SERIAL:03d};5{YY}40{SERIAL:03d},4,2
special,E01,2010,5{YY}24{SERIAL:03d};5{YY}27{SERIAL:03d};5{YY}45{SERIAL:03d},5{YY}51{SERIAL:03d},2,4
special,E01,2011,,5{YY}24{SERIAL:03d};5{YY}27{SERIAL:03d};5{YY}45{SERIAL:03d},4,1
special,E01,2012,5{YY}20{SERIAL:03d};5{YY}24{SERIAL:03d};5{YY}27{SERIAL:03d},,1,4
special,E01,2013,,5{YY}20{SERIAL:03d};5{YY}24{SERIAL:03d};5{YY}27{SERIAL:03d},4,1
special,E02,1989,5{YY}42{SERIAL:03d},5{YY}80{SERIAL:03d},1,1
special,E02,1990,5{YY}82{SERIAL:03d},,1,2
special,E02,1993,5{YY}23{SERIAL:03d},5{YY}42{SERIAL:03d},2,2
special,E02,1994,5{YY}42{SERIAL:03d},5{YY}23{SERIAL:03d},2,2
special,E02,1997,5{YY}89{SERIAL:03d},,2,3
special,E02,1998,5{YY}23{SERIAL:03d},,3,4
special,E02,1999,5{YY}20{SERIAL:03d},5{YY}23{SERIAL:03d};5{YY}89{SERIAL:03d},4,3
special,E02,2000,,5{YY}20{SERIAL:03d},3,2
special,E02,2001,,5{YY}82{SERIAL:03d},2,1
special,E02,2003,5{YY}23{SERIAL:03d},,1,2
special,E02,2004,5{YY}24{SERIAL:03d};5{YY}52{SERIAL:03d},5{YY}23{SERIAL:03d},2,3
special,E02,2005,E{YY}24{SERIAL:03d},5{YY}24{SERIAL:03d},3,3
special,E02,2006,,5{YY}52{SERIAL:03d},3,2
special,E02,2007,5{YY}52{SERIAL:03d},E{YY}24{SERIAL:03d},2,2
special,E02,2008,5{YY}20{SERIAL:03d};5{YY}23{SERIAL:03d};5{YY}24{SERIAL:03d};5{YY}27{SERIAL:03d},5{YY}52{SERIAL:03d},2,5
special,E02,2009,5{YY}52{SERIAL:03d},5{YY}20{SERIAL:03d};5{YY}23{SERIAL:03d};5{YY}24{SERIAL:03d},5,3
special,E02,2010,5{YY}43{SERIAL:03d},5{YY}27{SERIAL:03d};5{YY}52{SERIAL:03d},3,2
special,E02,2011,5{YY}52{SERIAL:03d},5{YY}43{SERIAL:03d},2,2
special,E02,2012,5{YY}27{SERIAL:03d},5{YY}52{SERIAL:03d},2,2
special,E02,2013,5{YY}23{SERIAL:03d};5{YY}52{SERIAL:03d},5{YY}27{SERIAL:03d},2,3
special,E03,1989,5{YY}43{SERIAL:03d},5{YY}80{SERIAL:03d},1,1
special,E03,1990,5{YY}83{SERIAL:03d},5{YY}43{SERIAL:03d},1,1
special,E03,1992,5{YY}43{SERIAL:03d},,1,2
special,E03,1997,,5{YY}43{SERIAL:03d},2,1
special,E03,1998,5{YY}43{SERIAL:03d},,1,2
special,E03,1999,5{YY}20{SERIAL:03d};5{YY}53{SERIAL:03d},,2,4
special,E03,2000,5{YY}27{SERIAL:03d},5{YY}20{SERIAL:03d};5{YY}53{SERIAL:03d},4,3
special,E03,2001,,5{YY}27{SERIAL:03d};5{YY}83{SERIAL:03d},3,1
special,E03,2002,5{YY}53{SERIAL:03d},,1,2
special,E03,2003,,5{YY}53{SERIAL:03d},2,1
special,E03,2004,5{YY}24{SERIAL:03d},,1,2
special,E03,2005,5{YY}27{SERIAL:03d};E{YY}24{SERIAL:03d},5{YY}24{SERIAL:03d},2,3
special,E03,2006,,5{YY}27{SERIAL:03d};E{YY}24{SERIAL:03d},3,1
special,E03,2007,5{YY}53{SERIAL:03d},,1,2
special,E03,2009,5{YY}55{SERIAL:03d},5{YY}53{SERIAL:03d},2,2
special,E03,2010,5{YY}70{SERIAL:03d};5{YY}74{SERIAL:03d};5{YY}75{SERIAL:03d};5{YY}76{SERIAL:03d};5{YY}79{SERIAL:03d},5{YY}55{SERIAL:03d},2,6
special,E03,2011,5{YY}27{SERIAL:03d};5{YY}53{SERIAL:03d},5{YY}70{SERIAL:03d};5{YY}74{SERIAL:03d};5{YY}75{SERIAL:03d};5{YY}76{SERIAL:03d};5{YY}79{SERIAL:03d},6,3
special,E03,2012,5{YY}20{SERIAL:03d},5{YY}27{SERIAL:03d};5{YY}53{SERIAL:03d},3,2
special,E03,2013,5{YY}23{SERIAL:03d};5{YY}53{SERIAL:03d},5{YY}20{SERIAL:03d},2,3
special,E04,2001,5{YY}27{SERIAL:03d},,1,2
special,E04,2003,5{YY}23{SERIAL:03d},5{YY}27{SERIAL:03d},2,2
special,E04,2004,5{YY}24{SERIAL:03d};5{YY}27{SERIAL:03d},5{YY}23{SERIAL:03d},2,3
special,E04,2005,E{YY}24{SERIAL:03d},5{YY}24{SERIAL:03d},3,3
special,E04,2006,,5{YY}27{SERIAL:03d},3,2
special,E04,2007,5{YY}27{SERIAL:03d},E{YY}24{SERIAL:03d},2,2
special,E04,2008,5{YY}23{SERIAL:03d},,2,3
special,E04,2009,5{YY}54{SERIAL:03d},5{YY}23{SERIAL:03d},3,3
special,E04,2010,5{YY}75{SERIAL:03d},,3,4
special,E04,2011,,5{YY}27{SERIAL:03d};5{YY}75{SERIAL:03d},4,2
special,E04,2012,5{YY}27{SERIAL:03d},,2,3
special,E04,2013,5{YY}23{SERIAL:03d},,3,4
special,E05,1989,5{YY}45{SERIAL:03d},5{YY}80{SERIAL:03d},1,1
special,E05,1990,5{YY}85{SERIAL:03d},,1,2
special,E05,1992,5{YY}49{SERIAL:03d},5{YY}45{SERIAL:03d},2,2
special,E05,1993,5{YY}45{SERIAL:03d},5{YY}49{SERIAL:03d},2,2
special,E05,1995,,5{YY}45{SERIAL:03d},2,1
special,E05,1997,5{YY}89{SERIAL:03d},,1,2
special,E05,1999,5{YY}45{SERIAL:03d},5{YY}89{SERIAL:03d},2,2
special,E05,2000,5{YY}23{SERIAL:03d};5{YY}27{SERIAL:03d},,2,4
special,E05,2001,,5{YY}23{SERIAL:03d};5{YY}85{SERIAL:03d},4,2
special,E05,2002,,5{YY}27{SERIAL:03d},2,1
special,E05,2003,5{YY}23{SERIAL:03d};5{YY}27{SERIAL:03d},,1,3
special,E05,2004,5{YY}20{SERIAL:03d};5{YY}24{SERIAL:03d},5{YY}23{SERIAL:03d};5{YY}27{SERIAL:03d},3,3
special,E05,2005,E{YY}24{SERIAL:03d},5{YY}20{SERIAL:03d};5{YY}24{SERIAL:03d},3,2
special,E05,2006,5{YY}27{SERIAL:03d},,2,3
special,E05,2008,5{YY}20{SERIAL:03d};5{YY}23{SERIAL:03d};5{YY}55{SERIAL:03d},E{YY}24{SERIAL:03d},3,5
special,E05,2009,,5{YY}20{SERIAL:03d};5{YY}23{SERIAL:03d};5{YY}55{SERIAL:03d},5,2
special,E05,2010,5{YY}01{SERIAL:03d};5{YY}06{SERIAL:03d};5{YY}50{SERIAL:03d};5{YY}51{SERIAL:03d};5{YY}72{SERIAL:03d},,2,7
special,E05,2011,,5{YY}01{SERIAL:03d};5{YY}06{SERIAL:03d};5{YY}50{SERIAL:03d};5{YY}51{SERIAL:03d};5{YY}72{SERIAL:03d},7,2
special,E05,2012,5{YY}20{SERIAL:03d};5{YY}24{SERIAL:03d},,2,4
special,E05,2013,5{YY}23{SERIAL:03d};5{YY}55{SERIAL:03d},5{YY}20{SERIAL:03d};5{YY}24{SERIAL:03d},4,4
special,E06,1989,5{YY}46{SERIAL:03d},5{YY}80{SERIAL:03d},1,1
special,E06,1990,5{YY}86{SERIAL:03d},5{YY}46{SERIAL:03d},1,1
special,E06,1994,5{YY}46{SERIAL:03d},,1,2
special,E06,1996,,5{YY}46{SERIAL:03d},2,1
special,E06,1998,5{YY}46{SERIAL:03d};5{YY}89{SERIAL:03d},,1,3
special,E06,1999,,5{YY}46{SERIAL:03d};5{YY}89{SERIAL:03d},3,1
special,E06,2000,5{YY}46{SERIAL:03d},,1,2
special,E06,2001,,5{YY}86{SERIAL:03d},2,1
special,E06,2003,5{YY}23{SERIAL:03d},,1,2
special,E06,2004,5{YY}20{SERIAL:03d};5{YY}24{SERIAL:03d},5{YY}23{SERIAL:03d},2,3
special,E06,2005,5{YY}56{SERIAL:03d};E{YY}24{SERIAL:03d},5{YY}20{SERIAL:03d};5{YY}24{SERIAL:03d},3,3
special,E06,2006,,5{YY}56{SERIAL:03d};E{YY}24{SERIAL:03d},3,1
special,E06,2007,5{YY}20{SERIAL:03d},,1,2
special,E06,2008,5{YY}23{SERIAL:03d},5{YY}20{SERIAL:03d},2,2
special,E06,2009,,5{YY}23{SERIAL:03d},2,1
special,E06,2010,5{YY}03{SERIAL:03d};5{YY}20{SERIAL:03d};5{YY}27{SERIAL:03d};5{YY}51{SERIAL:03d};5{YY}71{SERIAL:03d};5{YY}75{SERIAL:03d};5{YY}77{SERIAL:03d};5{YY}78{SERIAL:03d},,1,9
special,E06,2011,,5{YY}03{SERIAL:03d};5{YY}20{SERIAL:03d};5{YY}51{SERIAL:03d};5{YY}71{SERIAL:03d};5{YY}75{SERIAL:03d};5{YY}77{SERIAL:03d};5{YY}78{SERIAL:03d},9,2
special,E06,2012,5{YY}20{SERIAL:03d},,2,3
special,E06,2013,5{YY}23{SERIAL:03d};5{YY}56{SERIAL:03d},5{YY}20{SERIAL:03d},3,4
special,E07,1991,5{YY}87{SERIAL:03d},5{YY}50{SERIAL:03d};5{YY}80{SERIAL:03d},2,1
special,E07,1993,5{YY}47{SERIAL:03d},5{YY}87{SERIAL:03d},1,1
special,E07,1996,5{YY}86{SERIAL:03d},5{YY}47{SERIAL:03d},1,1
special,E07,1997,5{YY}47{SERIAL:03d},5{YY}86{SERIAL:03d},1,1
special,E07,1999,5{YY}20{SERIAL:03d},,1,2
special,E07,2000,,5{YY}20{SERIAL:03d},2,1
special,E07,2003,5{YY}23{SERIAL:03d},,1,2
special,E07,2004,5{YY}24{SERIAL:03d},5{YY}23{SERIAL:03d},2,2
special,E07,2005,E{YY}24{SERIAL:03d},5{YY}24{SERIAL:03d};5{YY}47{SERIAL:03d},2,1
special,E07,2006,5{YY}47{SERIAL:03d},E{YY}24{SERIAL:03d},1,1
special,E07,2007,E{YY}24{SERIAL:03d},,1,2
special,E07,2008,5{YY}23{SERIAL:03d},E{YY}24{SERIAL:03d},2,2
special,E07,2009,,5{YY}23{SERIAL:03d},2,1
special,E07,2010,5{YY}24{SERIAL:03d};5{YY}57{SERIAL:03d};5{YY}71{SERIAL:03d};5{YY}73{SERIAL:03d};5{YY}78{SERIAL:03d};5{YY}79{SERIAL:03d},,1,7
special,E07,2011,,5{YY}24{SERIAL:03d};5{YY}57{SERIAL:03d};5{YY}71{SERIAL:03d};5{YY}73{SERIAL:03d};5{YY}78{SERIAL:03d};5{YY}79{SERIAL:03d},7,1
special,E07,2013,5{YY}23{SERIAL:03d};5{YY}27{SERIAL:03d},,1,3
special,E08,1998,5{YY}23{SERIAL:03d},5{YY}48{SERIAL:03d},1,1
special,E08,2001,5{YY}48{SERIAL:03d},5{YY}23{SERIAL:03d},1,1
special,E08,2003,5{YY}20{SERIAL:03d};5{YY}42{SERIAL:03d},,1,3
special,E08,2004,5{YY}24{SERIAL:03d},5{YY}20{SERIAL:03d};5{YY}42{SERIAL:03d},3,2
special,E08,2005,5{YY}20{SERIAL:03d};5{YY}27{SERIAL:03d};E{YY}24{SERIAL:03d},5{YY}24{SERIAL:03d},2,4
special,E08,2006,5{YY}58{SERIAL:03d},5{YY}27{SERIAL:03d},4,4
special,E08,2007,,5{YY}20{SERIAL:03d};5{YY}58{SERIAL:03d},4,2
special,E08,2008,M{YY}25{SERIAL:03d},E{YY}24{SERIAL:03d},2,2
special,E08,2009,5{YY}27{SERIAL:03d},M{YY}25{SERIAL:03d},2,2
special,E08,2010,5{YY}06{SERIAL:03d};5{YY}50{SERIAL:03d};5{YY}58{SERIAL:03d};5{YY}74{SERIAL:03d},,2,6
special,E08,2011,,5{YY}06{SERIAL:03d};5{YY}50{SERIAL:03d};5{YY}58{SERIAL:03d};5{YY}74{SERIAL:03d},6,2
special,E08,2012,5{YY}20{SERIAL:03d},,2,3
special,E08,2013,5{YY}23{SERIAL:03d},5{YY}20{SERIAL:03d},3,3
special,E09,1991,5{YY}59{SERIAL:03d},,1,2
special,E09,1994,,5{YY}59{SERIAL:03d},2,1
special,E09,2003,5{YY}23{SERIAL:03d},5{YY}49{SERIAL:03d},1,1
special,E09,2004,5{YY}24{SERIAL:03d};5{YY}49{SERIAL:03d};5{YY}59{SERIAL:03d},5{YY}23{SERIAL:03d},1,3
special,E09,2005,E{YY}24{SERIAL:03d},5{YY}24{SERIAL:03d};5{YY}59{SERIAL:03d},3,2
special,E09,2006,,E{YY}24{SERIAL:03d},2,1
special,E09,2007,5{YY}27{SERIAL:03d};E{YY}24{SERIAL:03d},,1,3
special,E09,2008,5{YY}23{SERIAL:03d};5{YY}24{SERIAL:03d};M{YY}25{SERIAL:03d},5{YY}27{SERIAL:03d};E{YY}24{SERIAL:03d},3,4
special,E09,2009,5{YY}27{SERIAL:03d},5{YY}23{SERIAL:03d};5{YY}24{SERIAL:03d};M{YY}25{SERIAL:03d},4,2
special,E09,2010,5{YY}02{SERIAL:03d};5{YY}04{SERIAL:03d};5{YY}06{SERIAL:03d};5{YY}24{SERIAL:03d};5{YY}60{SERIAL:03d},,2,7
special,E09,2011,,5{YY}02{SERIAL:03d};5{YY}04{SERIAL:03d};5{YY}06{SERIAL:03d};5{YY}24{SERIAL:03d};5{YY}60{SERIAL:03d},7,2
special,E09,2012,5{YY}24{SERIAL:03d},5{YY}27{SERIAL:03d},2,2
special,E09,2013,5{YY}23{SERIAL:03d},5{YY}24{SERIAL:03d},2,2
special,E10,2003,5{YY}27{SERIAL:03d};5{YY}49{SERIAL:03d},,1,3
special,E10,2004,5{YY}24{SERIAL:03d},5{YY}27{SERIAL:03d};5{YY}49{SERIAL:03d},3,2
special,E10,2005,5{YY}49{SERIAL:03d},5{YY}24{SERIAL:03d};5{YY}48{SERIAL:03d},2,1
special,E10,2007,5{YY}27{SERIAL:03d};5{YY}48{SERIAL:03d},,1,3
special,E10,2008,,5{YY}27{SERIAL:03d};5{YY}49{SERIAL:03d},3,1
special,E10,2009,5{YY}49{SERIAL:03d},,1,2
special,E10,2010,5{YY}51{SERIAL:03d};5{YY}71{SERIAL:03d},5{YY}48{SERIAL:03d};5{YY}49{SERIAL:03d},2,2
special,E10,2011,5{YY}48{SERIAL:03d};5{YY}49{SERIAL:03d},5{YY}51{SERIAL:03d};5{YY}71{SERIAL:03d},2,2
special,E10,2012,5{YY}24{SERIAL:03d},,2,3
special,E10,2013,5{YY}20{SERIAL:03d};5{YY}27{SERIAL:03d},5{YY}24{SERIAL:03d},3,4
special,E11,2008,5{YY}49{SERIAL:03d},5{YY}24{SERIAL:03d},1,1
special,E11,2010,5{YY}02{SERIAL:03d};5{YY}72{SERIAL:03d},,1,3
special,E11,2011,,5{YY}02{SERIAL:03d};5{YY}72{SERIAL:03d},3,1
youth_c,E01,1989,5{YY}01{SERIAL:03d},5{YY}00{SERIAL:03d},1,1
youth_c,E02,1989,5{YY}02{SERIAL:03d},5{YY}00{SERIAL:03d},1,1
youth_c,E03,1989,5{YY}03{SERIAL:03d},5{YY}00{SERIAL:03d},1,1
youth_c,E04,1989,5{YY}04{SERIAL:03d},5{YY}00{SERIAL:03d},1,1
youth_c,E05,1989,5{YY}05{SERIAL:03d},5{YY}00{SERIAL:03d},1,1
youth_c,E06,1989,5{YY}06{SERIAL:03d},5{YY}00{SERIAL:03d},1,1
youth_c,E07,1989,5{YY}07{SERIAL:03d},5{YY}00{SERIAL:03d},1,1
youth_c,E08,1989,5{YY}08{SERIAL:03d},5{YY}00{SERIAL:03d},1,1
youth_c,E09,1989,5{YY}09{SERIAL:03d},5{YY}00{SERIAL:03d},1,1
youth_c,E10,1989,5{YY}08{SERIAL:03d},5{YY}00{SERIAL:03d},1,1
youth_c,E10,1990,5{YY}09{SERIAL:03d},,1,2
youth_c,E10,1993,,5{YY}09{SERIAL:03d},2,1
youth_c,E10,1994,5{YY}09{SERIAL:03d},,1,2
youth_c,E10,1996,,5{YY}09{SERIAL:03d},2,1
youth_c,E10,1999,5{YY}09{SERIAL:03d},,1,2
youth_c,E10,2004,,5{YY}09{SERIAL:03d},2,1
youth_c,E10,2005,5{YY}09{SERIAL:03d},,1,2
youth_c,E10,2020,5{YY}00{SERIAL:03d},5{YY}08{SERIAL:03d};5{YY}09{SERIAL:03d},2,1
youth_c,E11,2020,5{YY}01{SERIAL:03d},5{YY}09{SERIAL:03d},1,1
