candidate_approval_number,discipline_root,approval_year,project_type_contexts,discipline_scope_contexts,original_priority,followup_priority,existence_status,confirmed_sources,project_title_candidate,lead_investigator_candidate,institution_candidate,exact_web_query,funding_web_query,institution_site_query,next_action,official_confirmation_status,warning
51875186,E,2018,general,E05,P1,P0_official_upgrade,confirmed_bibliographic,crossref,,,,"""51875186""","""51875186"" ""National Natural Science Foundation of China""","site:edu.cn OR site:ac.cn ""51875186""",official_or_institutional_confirmation,not_checked,web review must preserve number evidence and PI evidence as separate claims
51775530,E,2017,general,E05,P1,P0_official_upgrade,confirmed_bibliographic,crossref,,,,"""51775530""","""51775530"" ""National Natural Science Foundation of China""","site:edu.cn OR site:ac.cn ""51775530""",official_or_institutional_confirmation,not_checked,web review must preserve number evidence and PI evidence as separate claims
51905129,E,2019,youth_c,E05,P1,P1_no_bibliographic_match,no_match_all_sources,,,,,"""51905129""","""51905129"" ""National Natural Science Foundation of China""","site:edu.cn OR site:ac.cn ""51905129""",exact_web_and_institution_search,not_checked,web review must preserve number evidence and PI evidence as separate claims
51805101,E,2018,youth_c,E05,P1,P1_no_bibliographic_match,no_match_all_sources,,,,,"""51805101""","""51805101"" ""National Natural Science Foundation of China""","site:edu.cn OR site:ac.cn ""51805101""",exact_web_and_institution_search,not_checked,web review must preserve number evidence and PI evidence as separate claims
51675468,E,2016,general,E05,P1,P0_official_upgrade,confirmed_bibliographic,crossref,,,,"""51675468""","""51675468"" ""National Natural Science Foundation of China""","site:edu.cn OR site:ac.cn ""51675468""",official_or_institutional_confirmation,not_checked,web review must preserve number evidence and PI evidence as separate claims
51375019,E,2013,general,E05,P1,P0_official_upgrade,confirmed_bibliographic,crossref,,,,"""51375019""","""51375019"" ""National Natural Science Foundation of China""","site:edu.cn OR site:ac.cn ""51375019""",official_or_institutional_confirmation,not_checked,web review must preserve number evidence and PI evidence as separate claims
51505496,E,2015,youth_c,E05,P1,P0_official_upgrade,confirmed_bibliographic,crossref,,,,"""51505496""","""51505496"" ""National Natural Science Foundation of China""","site:edu.cn OR site:ac.cn ""51505496""",official_or_institutional_confirmation,not_checked,web review must preserve number evidence and PI evidence as separate claims
51205070,E,2012,youth_c,E05,P1,P0_official_upgrade,confirmed_bibliographic,crossref,,,,"""51205070""","""51205070"" ""National Natural Science Foundation of China""","site:edu.cn OR site:ac.cn ""51205070""",official_or_institutional_confirmation,not_checked,web review must preserve number evidence and PI evidence as separate claims
51075251,E,2010,general,E05,P1,P1_no_bibliographic_match,no_match_all_sources,,,,,"""51075251""","""51075251"" ""National Natural Science Foundation of China""","site:edu.cn OR site:ac.cn ""51075251""",exact_web_and_institution_search,not_checked,web review must preserve number evidence and PI evidence as separate claims
51974216,E,2019,general,E04,P1,P0_official_upgrade,confirmed_bibliographic,crossref,,,,"""51974216""","""51974216"" ""National Natural Science Foundation of China""","site:edu.cn OR site:ac.cn ""51974216""",official_or_institutional_confirmation,not_checked,web review must preserve number evidence and PI evidence as separate claims
22078194,B,2020,general,B08,P1,P0_official_upgrade,confirmed_bibliographic,crossref,,,,"""22078194""","""22078194"" ""National Natural Science Foundation of China""","site:edu.cn OR site:ac.cn ""22078194""",official_or_institutional_confirmation,not_checked,web review must preserve number evidence and PI evidence as separate claims
51874094,E,2018,general,E04,P1,P0_official_upgrade,confirmed_bibliographic,crossref,,,,"""51874094""","""51874094"" ""National Natural Science Foundation of China""","site:edu.cn OR site:ac.cn ""51874094""",official_or_institutional_confirmation,not_checked,web review must preserve number evidence and PI evidence as separate claims
51904231,E,2019,youth_c,E04,P1,P0_official_upgrade,confirmed_bibliographic,crossref,,,,"""51904231""","""51904231"" ""National Natural Science Foundation of China""","site:edu.cn OR site:ac.cn ""51904231""",official_or_institutional_confirmation,not_checked,web review must preserve number evidence and PI evidence as separate claims
51602158,E,2016,youth_c,E02,P1,P0_official_upgrade,confirmed_bibliographic,crossref,,,,"""51602158""","""51602158"" ""National Natural Science Foundation of China""","site:edu.cn OR site:ac.cn ""51602158""",official_or_institutional_confirmation,not_checked,web review must preserve number evidence and PI evidence as separate claims
51804047,E,2018,youth_c,E04,P1,P0_official_upgrade,confirmed_bibliographic,crossref,,,,"""51804047""","""51804047"" ""National Natural Science Foundation of China""","site:edu.cn OR site:ac.cn ""51804047""",official_or_institutional_confirmation,not_checked,web review must preserve number evidence and PI evidence as separate claims
51502303,E,2015,youth_c,E02,P1,P0_official_upgrade,confirmed_bibliographic,crossref,,,,"""51502303""","""51502303"" ""National Natural Science Foundation of China""","site:edu.cn OR site:ac.cn ""51502303""",official_or_institutional_confirmation,not_checked,web review must preserve number evidence and PI evidence as separate claims
51774189,E,2017,general,E04,P1,P0_official_upgrade,confirmed_bibliographic,crossref,,,,"""51774189""","""51774189"" ""National Natural Science Foundation of China""","site:edu.cn OR site:ac.cn ""51774189""",official_or_institutional_confirmation,not_checked,web review must preserve number evidence and PI evidence as separate claims
51872101,E,2018,general,E02,P1,P0_official_upgrade,confirmed_bibliographic,crossref,,,,"""51872101""","""51872101"" ""National Natural Science Foundation of China""","site:edu.cn OR site:ac.cn ""51872101""",official_or_institutional_confirmation,not_checked,web review must preserve number evidence and PI evidence as separate claims
51704165,E,2017,youth_c,E04,P1,P1_no_bibliographic_match,no_match_all_sources,,,,,"""51704165""","""51704165"" ""National Natural Science Foundation of China""","site:edu.cn OR site:ac.cn ""51704165""",exact_web_and_institution_search,not_checked,web review must preserve number evidence and PI evidence as separate claims
51672191,E,2016,general,E02,P1,P0_official_upgrade,confirmed_bibliographic,crossref,,,,"""51672191""","""51672191"" ""National Natural Science Foundation of China""","site:edu.cn OR site:ac.cn ""51672191""",official_or_institutional_confirmation,not_checked,web review must preserve number evidence and PI evidence as separate claims
51604146,E,2016,youth_c,E04,P1,P1_no_bibliographic_match,no_match_all_sources,,,,,"""51604146""","""51604146"" ""National Natural Science Foundation of China""","site:edu.cn OR site:ac.cn ""51604146""",exact_web_and_institution_search,not_checked,web review must preserve number evidence and PI evidence as separate claims
51404224,E,2014,youth_c,E04,P1,P1_no_bibliographic_match,no_match_all_sources,,,,,"""51404224""","""51404224"" ""National Natural Science Foundation of China""","site:edu.cn OR site:ac.cn ""51404224""",exact_web_and_institution_search,not_checked,web review must preserve number evidence and PI evidence as separate claims
50975236,E,2009,general,E05,P1,P0_official_upgrade,confirmed_bibliographic,crossref,,,,"""50975236""","""50975236"" ""National Natural Science Foundation of China""","site:edu.cn OR site:ac.cn ""50975236""",official_or_institutional_confirmation,not_checked,web review must preserve number evidence and PI evidence as separate claims
51272082,E,2012,general,E02,P1,P0_official_upgrade,confirmed_bibliographic,crossref,,,,"""51272082""","""51272082"" ""National Natural Science Foundation of China""","site:edu.cn OR site:ac.cn ""51272082""",official_or_institutional_confirmation,not_checked,web review must preserve number evidence and PI evidence as separate claims
51975033,E,2019,general,E05,P1,P0_official_upgrade,confirmed_bibliographic,crossref,,,,"""51975033""","""51975033"" ""National Natural Science Foundation of China""","site:edu.cn OR site:ac.cn ""51975033""",official_or_institutional_confirmation,not_checked,web review must preserve number evidence and PI evidence as separate claims
51975359,E,2019,general,E05,P1,P0_official_upgrade,confirmed_bibliographic,crossref,,,,"""51975359""","""51975359"" ""National Natural Science Foundation of China""","site:edu.cn OR site:ac.cn ""51975359""",official_or_institutional_confirmation,not_checked,web review must preserve number evidence and PI evidence as separate claims
51504102,E,2015,youth_c,E04,P1,P0_official_upgrade,confirmed_bibliographic,crossref,,,,"""51504102""","""51504102"" ""National Natural Science Foundation of China""","site:edu.cn OR site:ac.cn ""51504102""",official_or_institutional_confirmation,not_checked,web review must preserve number evidence and PI evidence as separate claims
51172056,E,2011,general,E02,P1,P1_no_bibliographic_match,no_match_all_sources,,,,,"""51172056""","""51172056"" ""National Natural Science Foundation of China""","site:edu.cn OR site:ac.cn ""51172056""",exact_web_and_institution_search,not_checked,web review must preserve number evidence and PI evidence as separate claims
51372147,E,2013,general,E02,P1,P0_official_upgrade,confirmed_bibliographic,crossref,,,,"""51372147""","""51372147"" ""National Natural Science Foundation of China""","site:edu.cn OR site:ac.cn ""51372147""",official_or_institutional_confirmation,not_checked,web review must preserve number evidence and PI evidence as separate claims
52075115,E,2020,general,E05,P1,P0_official_upgrade,confirmed_bibliographic,crossref,,,,"""52075115""","""52075115"" ""National Natural Science Foundation of China""","site:edu.cn OR site:ac.cn ""52075115""",official_or_institutional_confirmation,not_checked,web review must preserve number evidence and PI evidence as separate claims
52075345,E,2020,general,E05,P1,P0_official_upgrade,confirmed_bibliographic,crossref,,,,"""52075345""","""52075345"" ""National Natural Science Foundation of China""","site:edu.cn OR site:ac.cn ""52075345""",official_or_institutional_confirmation,not_checked,web review must preserve number evidence and PI evidence as separate claims
51705150,E,2017,youth_c,E05,P1,P0_official_upgrade,confirmed_bibliographic,crossref,,,,"""51705150""","""51705150"" ""National Natural Science Foundation of China""","site:edu.cn OR site:ac.cn ""51705150""",official_or_institutional_confirmation,not_checked,web review must preserve number evidence and PI evidence as separate claims
51705367,E,2017,youth_c,E05,P1,P1_no_bibliographic_match,no_match_all_sources,,,,,"""51705367""","""51705367"" ""National Natural Science Foundation of China""","site:edu.cn OR site:ac.cn ""51705367""",exact_web_and_institution_search,not_checked,web review must preserve number evidence and PI evidence as separate claims
22001188,B,2020,youth_c,B01,P1,P0_official_upgrade,confirmed_bibliographic,crossref,,,,"""22001188""","""22001188"" ""National Natural Science Foundation of China""","site:edu.cn OR site:ac.cn ""22001188""",official_or_institutional_confirmation,not_checked,web review must preserve number evidence and PI evidence as separate claims
51005126,E,2010,youth_c,E05,P1,P1_no_bibliographic_match,no_match_all_sources,,,,,"""51005126""","""51005126"" ""National Natural Science Foundation of China""","site:edu.cn OR site:ac.cn ""51005126""",exact_web_and_institution_search,not_checked,web review must preserve number evidence and PI evidence as separate claims
51405295,E,2014,youth_c,E05,P1,P1_no_bibliographic_match,no_match_all_sources,,,,,"""51405295""","""51405295"" ""National Natural Science Foundation of China""","site:edu.cn OR site:ac.cn ""51405295""",exact_web_and_institution_search,not_checked,web review must preserve number evidence and PI evidence as separate claims
51405515,E,2014,youth_c,E05,P1,P0_official_upgrade,confirmed_bibliographic,crossref,,,,"""51405515""","""51405515"" ""National Natural Science Foundation of China""","site:edu.cn OR site:ac.cn ""51405515""",official_or_institutional_confirmation,not_checked,web review must preserve number evidence and PI evidence as separate claims
52005324,E,2020,youth_c,E05,P1,P1_no_bibliographic_match,no_match_all_sources,,,,,"""52005324""","""52005324"" ""National Natural Science Foundation of China""","site:edu.cn OR site:ac.cn ""52005324""",exact_web_and_institution_search,not_checked,web review must preserve number evidence and PI evidence as separate claims
52005411,E,2020,youth_c,E05,P1,P0_official_upgrade,confirmed_bibliographic,crossref,,,,"""52005411""","""52005411"" ""National Natural Science Foundation of China""","site:edu.cn OR site:ac.cn ""52005411""",official_or_institutional_confirmation,not_checked,web review must preserve number evidence and PI evidence as separate claims
21908213,B,2019,youth_c,B08,P1,P1_no_bibliographic_match,no_match_all_sources,,,,,"""21908213""","""21908213"" ""National Natural Science Foundation of China""","site:edu.cn OR site:ac.cn ""21908213""",exact_web_and_institution_search,not_checked,web review must preserve number evidence and PI evidence as separate claims
51901142,E,2019,youth_c,E01,P1,P1_no_bibliographic_match,no_match_all_sources,,,,,"""51901142""","""51901142"" ""National Natural Science Foundation of China""","site:edu.cn OR site:ac.cn ""51901142""",exact_web_and_institution_search,not_checked,web review must preserve number evidence and PI evidence as separate claims
51605246,E,2016,youth_c,E05,P1,P1_no_bibliographic_match,no_match_all_sources,,,,,"""51605246""","""51605246"" ""National Natural Science Foundation of China""","site:edu.cn OR site:ac.cn ""51605246""",exact_web_and_institution_search,not_checked,web review must preserve number evidence and PI evidence as separate claims
51605448,E,2016,youth_c,E05,P1,P0_official_upgrade,confirmed_bibliographic,crossref,,,,"""51605448""","""51605448"" ""National Natural Science Foundation of China""","site:edu.cn OR site:ac.cn ""51605448""",official_or_institutional_confirmation,not_checked,web review must preserve number evidence and PI evidence as separate claims
51706003,E,2017,youth_c,E06,P1,P0_official_upgrade,confirmed_bibliographic,crossref,,,,"""51706003""","""51706003"" ""National Natural Science Foundation of China""","site:edu.cn OR site:ac.cn ""51706003""",official_or_institutional_confirmation,not_checked,web review must preserve number evidence and PI evidence as separate claims
51973174,E,2019,general,E03,P1,P0_official_upgrade,confirmed_bibliographic,crossref,,,,"""51973174""","""51973174"" ""National Natural Science Foundation of China""","site:edu.cn OR site:ac.cn ""51973174""",official_or_institutional_confirmation,not_checked,web review must preserve number evidence and PI evidence as separate claims
51403158,E,2014,youth_c,E03,P1,P0_official_upgrade,confirmed_bibliographic,crossref,,,,"""51403158""","""51403158"" ""National Natural Science Foundation of China""","site:edu.cn OR site:ac.cn ""51403158""",official_or_institutional_confirmation,not_checked,web review must preserve number evidence and PI evidence as separate claims
51475123,E,2014,general,E05,P1,P1_no_bibliographic_match,no_match_all_sources,,,,,"""51475123""","""51475123"" ""National Natural Science Foundation of China""","site:edu.cn OR site:ac.cn ""51475123""",exact_web_and_institution_search,not_checked,web review must preserve number evidence and PI evidence as separate claims
51475283,E,2014,general,E05,P1,P1_no_bibliographic_match,no_match_all_sources,,,,,"""51475283""","""51475283"" ""National Natural Science Foundation of China""","site:edu.cn OR site:ac.cn ""51475283""",exact_web_and_institution_search,not_checked,web review must preserve number evidence and PI evidence as separate claims
51771187,E,2017,general,E01,P1,P0_official_upgrade,confirmed_bibliographic,crossref,,,,"""51771187""","""51771187"" ""National Natural Science Foundation of China""","site:edu.cn OR site:ac.cn ""51771187""",official_or_institutional_confirmation,not_checked,web review must preserve number evidence and PI evidence as separate claims
51801223,E,2018,youth_c,E01,P1,P1_no_bibliographic_match,no_match_all_sources,,,,,"""51801223""","""51801223"" ""National Natural Science Foundation of China""","site:edu.cn OR site:ac.cn ""51801223""",exact_web_and_institution_search,not_checked,web review must preserve number evidence and PI evidence as separate claims
51601096,E,2016,youth_c,E01,P1,P0_official_upgrade,confirmed_bibliographic,crossref,,,,"""51601096""","""51601096"" ""National Natural Science Foundation of China""","site:edu.cn OR site:ac.cn ""51601096""",official_or_institutional_confirmation,not_checked,web review must preserve number evidence and PI evidence as separate claims
51977129,E,2019,general,E07,P1,P0_official_upgrade,confirmed_bibliographic,crossref,,,,"""51977129""","""51977129"" ""National Natural Science Foundation of China""","site:edu.cn OR site:ac.cn ""51977129""",official_or_institutional_confirmation,not_checked,web review must preserve number evidence and PI evidence as separate claims
52100193,E,2021,youth_c,E10,P1,P0_official_upgrade,confirmed_bibliographic,crossref,,,,"""52100193""","""52100193"" ""National Natural Science Foundation of China""","site:edu.cn OR site:ac.cn ""52100193""",official_or_institutional_confirmation,not_checked,web review must preserve number evidence and PI evidence as separate claims
51306192,E,2013,youth_c,E06,P1,P1_no_bibliographic_match,no_match_all_sources,,,,,"""51306192""","""51306192"" ""National Natural Science Foundation of China""","site:edu.cn OR site:ac.cn ""51306192""",exact_web_and_institution_search,not_checked,web review must preserve number evidence and PI evidence as separate claims
21976137,B,2019,general,B06,P1,P1_no_bibliographic_match,no_match_all_sources,,,,,"""21976137""","""21976137"" ""National Natural Science Foundation of China""","site:edu.cn OR site:ac.cn ""21976137""",exact_web_and_institution_search,not_checked,web review must preserve number evidence and PI evidence as separate claims
51576057,E,2015,general,E06,P1,P0_official_upgrade,confirmed_bibliographic,crossref,,,,"""51576057""","""51576057"" ""National Natural Science Foundation of China""","site:edu.cn OR site:ac.cn ""51576057""",official_or_institutional_confirmation,not_checked,web review must preserve number evidence and PI evidence as separate claims
51176037,E,2011,general,E06,P1,P0_official_upgrade,confirmed_bibliographic,crossref,,,,"""51176037""","""51176037"" ""National Natural Science Foundation of China""","site:edu.cn OR site:ac.cn ""51176037""",official_or_institutional_confirmation,not_checked,web review must preserve number evidence and PI evidence as separate claims
51807031,E,2018,youth_c,E07,P1,P0_official_upgrade,confirmed_bibliographic,crossref,,,,"""51807031""","""51807031"" ""National Natural Science Foundation of China""","site:edu.cn OR site:ac.cn ""51807031""",official_or_institutional_confirmation,not_checked,web review must preserve number evidence and PI evidence as separate claims
51371058,E,2013,general,E01,P1,P0_official_upgrade,confirmed_bibliographic,crossref,,,,"""51371058""","""51371058"" ""National Natural Science Foundation of China""","site:edu.cn OR site:ac.cn ""51371058""",official_or_institutional_confirmation,not_checked,web review must preserve number evidence and PI evidence as separate claims
52104154,E,2021,youth_c,E04,P1,P1_no_bibliographic_match,no_match_all_sources,,,,,"""52104154""","""52104154"" ""National Natural Science Foundation of China""","site:edu.cn OR site:ac.cn ""52104154""",exact_web_and_institution_search,not_checked,web review must preserve number evidence and PI evidence as separate claims
52104367,E,2021,youth_c,E04,P1,P1_no_bibliographic_match,no_match_all_sources,,,,,"""52104367""","""52104367"" ""National Natural Science Foundation of China""","site:edu.cn OR site:ac.cn ""52104367""",exact_web_and_institution_search,not_checked,web review must preserve number evidence and PI evidence as separate claims
51407099,E,2014,youth_c,E07,P1,P0_official_upgrade,confirmed_bibliographic,crossref,,,,"""51407099""","""51407099"" ""National Natural Science Foundation of China""","site:edu.cn OR site:ac.cn ""51407099""",official_or_institutional_confirmation,not_checked,web review must preserve number evidence and PI evidence as separate claims
52007116,E,2020,youth_c,E07,P1,P0_official_upgrade,confirmed_bibliographic,crossref,,,,"""52007116""","""52007116"" ""National Natural Science Foundation of China""","site:edu.cn OR site:ac.cn ""52007116""",official_or_institutional_confirmation,not_checked,web review must preserve number evidence and PI evidence as separate claims
50905106,E,2009,youth_c,E05,P1,P1_no_bibliographic_match,no_match_all_sources,,,,,"""50905106""","""50905106"" ""National Natural Science Foundation of China""","site:edu.cn OR site:ac.cn ""50905106""",exact_web_and_institution_search,not_checked,web review must preserve number evidence and PI evidence as separate claims
51476024,E,2014,general,E06,P1,P1_no_bibliographic_match,no_match_all_sources,,,,,"""51476024""","""51476024"" ""National Natural Science Foundation of China""","site:edu.cn OR site:ac.cn ""51476024""",exact_web_and_institution_search,not_checked,web review must preserve number evidence and PI evidence as separate claims
51702049,E,2017,youth_c,E02,P1,P1_no_bibliographic_match,no_match_all_sources,,,,,"""51702049""","""51702049"" ""National Natural Science Foundation of China""","site:edu.cn OR site:ac.cn ""51702049""",exact_web_and_institution_search,not_checked,web review must preserve number evidence and PI evidence as separate claims
51702252,E,2017,youth_c,E02,P1,P0_official_upgrade,confirmed_bibliographic,crossref,,,,"""51702252""","""51702252"" ""National Natural Science Foundation of China""","site:edu.cn OR site:ac.cn ""51702252""",official_or_institutional_confirmation,not_checked,web review must preserve number evidence and PI evidence as separate claims
22106044,B,2021,youth_c,B06,P1,P0_official_upgrade,confirmed_bibliographic,crossref,,,,"""22106044""","""22106044"" ""National Natural Science Foundation of China""","site:edu.cn OR site:ac.cn ""22106044""",official_or_institutional_confirmation,not_checked,web review must preserve number evidence and PI evidence as separate claims
51103029,E,2011,youth_c,E03,P1,P1_no_bibliographic_match,no_match_all_sources,,,,,"""51103029""","""51103029"" ""National Natural Science Foundation of China""","site:edu.cn OR site:ac.cn ""51103029""",exact_web_and_institution_search,not_checked,web review must preserve number evidence and PI evidence as separate claims
51071077,E,2010,general,E01,P1,P1_no_bibliographic_match,no_match_all_sources,,,,,"""51071077""","""51071077"" ""National Natural Science Foundation of China""","site:edu.cn OR site:ac.cn ""51071077""",exact_web_and_institution_search,not_checked,web review must preserve number evidence and PI evidence as separate claims
51177054,E,2011,general,E07,P1,P0_official_upgrade,confirmed_bibliographic,crossref,,,,"""51177054""","""51177054"" ""National Natural Science Foundation of China""","site:edu.cn OR site:ac.cn ""51177054""",official_or_institutional_confirmation,not_checked,web review must preserve number evidence and PI evidence as separate claims
51972310,E,2019,general,E02,P1,P0_official_upgrade,confirmed_bibliographic,crossref,,,,"""51972310""","""51972310"" ""National Natural Science Foundation of China""","site:edu.cn OR site:ac.cn ""51972310""",official_or_institutional_confirmation,not_checked,web review must preserve number evidence and PI evidence as separate claims
51972311,E,2019,general,E02,P1,P0_official_upgrade,confirmed_bibliographic,crossref,,,,"""51972311""","""51972311"" ""National Natural Science Foundation of China""","site:edu.cn OR site:ac.cn ""51972311""",official_or_institutional_confirmation,not_checked,web review must preserve number evidence and PI evidence as separate claims
51207155,E,2012,youth_c,E07,P1,P1_no_bibliographic_match,no_match_all_sources,,,,,"""51207155""","""51207155"" ""National Natural Science Foundation of China""","site:edu.cn OR site:ac.cn ""51207155""",exact_web_and_institution_search,not_checked,web review must preserve number evidence and PI evidence as separate claims
50972046,E,2009,general,E02,P1,P0_official_upgrade,confirmed_bibliographic,crossref,,,,"""50972046""","""50972046"" ""National Natural Science Foundation of China""","site:edu.cn OR site:ac.cn ""50972046""",official_or_institutional_confirmation,not_checked,web review must preserve number evidence and PI evidence as separate claims
50375094,E,2003,general,E05,P1,P1_no_bibliographic_match,no_match_all_sources,,,,,"""50375094""","""50375094"" ""National Natural Science Foundation of China""","site:edu.cn OR site:ac.cn ""50375094""",exact_web_and_institution_search,not_checked,web review must preserve number evidence and PI evidence as separate claims
52108229,E,2021,youth_c,E08,P1,P0_official_upgrade,confirmed_bibliographic,crossref,,,,"""52108229""","""52108229"" ""National Natural Science Foundation of China""","site:edu.cn OR site:ac.cn ""52108229""",official_or_institutional_confirmation,not_checked,web review must preserve number evidence and PI evidence as separate claims
52108449,E,2021,youth_c,E08,P1,P0_official_upgrade,confirmed_bibliographic,crossref,,,,"""52108449""","""52108449"" ""National Natural Science Foundation of China""","site:edu.cn OR site:ac.cn ""52108449""",official_or_institutional_confirmation,not_checked,web review must preserve number evidence and PI evidence as separate claims
52108479,E,2021,youth_c,E08,P1,P0_official_upgrade,confirmed_bibliographic,crossref,,,,"""52108479""","""52108479"" ""National Natural Science Foundation of China""","site:edu.cn OR site:ac.cn ""52108479""",official_or_institutional_confirmation,not_checked,web review must preserve number evidence and PI evidence as separate claims
22101011,B,2021,youth_c,B01,P1,P0_official_upgrade,confirmed_bibliographic,crossref,,,,"""22101011""","""22101011"" ""National Natural Science Foundation of China""","site:edu.cn OR site:ac.cn ""22101011""",official_or_institutional_confirmation,not_checked,web review must preserve number evidence and PI evidence as separate claims
22101129,B,2021,youth_c,B01,P1,P0_official_upgrade,confirmed_bibliographic,crossref,,,,"""22101129""","""22101129"" ""National Natural Science Foundation of China""","site:edu.cn OR site:ac.cn ""22101129""",official_or_institutional_confirmation,not_checked,web review must preserve number evidence and PI evidence as separate claims
51572142,E,2015,general,E02,P1,P1_no_bibliographic_match,no_match_all_sources,,,,,"""51572142""","""51572142"" ""National Natural Science Foundation of China""","site:edu.cn OR site:ac.cn ""51572142""",exact_web_and_institution_search,not_checked,web review must preserve number evidence and PI evidence as separate claims
51572297,E,2015,general,E02,P1,P1_no_bibliographic_match,no_match_all_sources,,,,,"""51572297""","""51572297"" ""National Natural Science Foundation of China""","site:edu.cn OR site:ac.cn ""51572297""",exact_web_and_institution_search,not_checked,web review must preserve number evidence and PI evidence as separate claims
50902047,E,2009,youth_c,E02,P1,P1_award_only,award_number_only,,,,,"""50902047""","""50902047"" ""National Natural Science Foundation of China""","site:edu.cn OR site:ac.cn ""50902047""",exact_web_and_institution_search,not_checked,web review must preserve number evidence and PI evidence as separate claims
52079144,E,2020,general,E09,P1,P0_official_upgrade,confirmed_bibliographic,crossref,,,,"""52079144""","""52079144"" ""National Natural Science Foundation of China""","site:edu.cn OR site:ac.cn ""52079144""",official_or_institutional_confirmation,not_checked,web review must preserve number evidence and PI evidence as separate claims
22077109,B,2020,general,B07,P1,P0_official_upgrade,confirmed_bibliographic,crossref,,,,"""22077109""","""22077109"" ""National Natural Science Foundation of China""","site:edu.cn OR site:ac.cn ""22077109""",official_or_institutional_confirmation,not_checked,web review must preserve number evidence and PI evidence as separate claims
50672091,E,2006,general,E02,P1,P0_official_upgrade,confirmed_bibliographic,crossref,,,,"""50672091""","""50672091"" ""National Natural Science Foundation of China""","site:edu.cn OR site:ac.cn ""50672091""",official_or_institutional_confirmation,not_checked,web review must preserve number evidence and PI evidence as separate claims
22004067,B,2020,youth_c,B04,P1,P0_official_upgrade,confirmed_bibliographic,crossref,,,,"""22004067""","""22004067"" ""National Natural Science Foundation of China""","site:edu.cn OR site:ac.cn ""22004067""",official_or_institutional_confirmation,not_checked,web review must preserve number evidence and PI evidence as separate claims
50971006,E,2009,general,E01,P1,P1_no_bibliographic_match,no_match_all_sources,,,,,"""50971006""","""50971006"" ""National Natural Science Foundation of China""","site:edu.cn OR site:ac.cn ""50971006""",exact_web_and_institution_search,not_checked,web review must preserve number evidence and PI evidence as separate claims
51274134,E,2012,general,E04,P1,P1_no_bibliographic_match,no_match_all_sources,,,,,"""51274134""","""51274134"" ""National Natural Science Foundation of China""","site:edu.cn OR site:ac.cn ""51274134""",exact_web_and_institution_search,not_checked,web review must preserve number evidence and PI evidence as separate claims
51274190,E,2012,general,E04,P1,P1_no_bibliographic_match,no_match_all_sources,,,,,"""51274190""","""51274190"" ""National Natural Science Foundation of China""","site:edu.cn OR site:ac.cn ""51274190""",exact_web_and_institution_search,not_checked,web review must preserve number evidence and PI evidence as separate claims
51105077,E,2011,youth_c,E05,P1,P1_no_bibliographic_match,no_match_all_sources,,,,,"""51105077""","""51105077"" ""National Natural Science Foundation of China""","site:edu.cn OR site:ac.cn ""51105077""",exact_web_and_institution_search,not_checked,web review must preserve number evidence and PI evidence as separate claims
51105098,E,2011,youth_c,E05,P1,P1_no_bibliographic_match,no_match_all_sources,,,,,"""51105098""","""51105098"" ""National Natural Science Foundation of China""","site:edu.cn OR site:ac.cn ""51105098""",exact_web_and_institution_search,not_checked,web review must preserve number evidence and PI evidence as separate claims
51105357,E,2011,youth_c,E05,P1,P1_no_bibliographic_match,no_match_all_sources,,,,,"""51105357""","""51105357"" ""National Natural Science Foundation of China""","site:edu.cn OR site:ac.cn ""51105357""",exact_web_and_institution_search,not_checked,web review must preserve number evidence and PI evidence as separate claims
51701178,E,2017,youth_c,E01,P1,P0_official_upgrade,confirmed_bibliographic,crossref,,,,"""51701178""","""51701178"" ""National Natural Science Foundation of China""","site:edu.cn OR site:ac.cn ""51701178""",official_or_institutional_confirmation,not_checked,web review must preserve number evidence and PI evidence as separate claims
51701197,E,2017,youth_c,E01,P1,P1_no_bibliographic_match,no_match_all_sources,,,,,"""51701197""","""51701197"" ""National Natural Science Foundation of China""","site:edu.cn OR site:ac.cn ""51701197""",exact_web_and_institution_search,not_checked,web review must preserve number evidence and PI evidence as separate claims
51401218,E,2014,youth_c,E01,P1,P0_official_upgrade,confirmed_bibliographic,crossref,,,,"""51401218""","""51401218"" ""National Natural Science Foundation of China""","site:edu.cn OR site:ac.cn ""51401218""",official_or_institutional_confirmation,not_checked,web review must preserve number evidence and PI evidence as separate claims
51401229,E,2014,youth_c,E01,P1,P0_official_upgrade,confirmed_bibliographic,crossref,,,,"""51401229""","""51401229"" ""National Natural Science Foundation of China""","site:edu.cn OR site:ac.cn ""51401229""",official_or_institutional_confirmation,not_checked,web review must preserve number evidence and PI evidence as separate claims
51406162,E,2014,youth_c,E06,P1,P1_award_only,award_number_only,,,,,"""51406162""","""51406162"" ""National Natural Science Foundation of China""","site:edu.cn OR site:ac.cn ""51406162""",exact_web_and_institution_search,not_checked,web review must preserve number evidence and PI evidence as separate claims
51406211,E,2014,youth_c,E06,P1,P0_official_upgrade,confirmed_bibliographic,crossref,,,,"""51406211""","""51406211"" ""National Natural Science Foundation of China""","site:edu.cn OR site:ac.cn ""51406211""",official_or_institutional_confirmation,not_checked,web review must preserve number evidence and PI evidence as separate claims
50876024,E,2008,general,E06,P1,P1_no_bibliographic_match,no_match_all_sources,,,,,"""50876024""","""50876024"" ""National Natural Science Foundation of China""","site:edu.cn OR site:ac.cn ""50876024""",exact_web_and_institution_search,not_checked,web review must preserve number evidence and PI evidence as separate claims
50675013,E,2006,general,E05,P1,P1_no_bibliographic_match,no_match_all_sources,,,,,"""50675013""","""50675013"" ""National Natural Science Foundation of China""","site:edu.cn OR site:ac.cn ""50675013""",exact_web_and_institution_search,not_checked,web review must preserve number evidence and PI evidence as separate claims
50675021,E,2006,general,E05,P1,P1_no_bibliographic_match,no_match_all_sources,,,,,"""50675021""","""50675021"" ""National Natural Science Foundation of China""","site:edu.cn OR site:ac.cn ""50675021""",exact_web_and_institution_search,not_checked,web review must preserve number evidence and PI evidence as separate claims
50575112,E,2005,general,E05,P1,P1_no_bibliographic_match,no_match_all_sources,,,,,"""50575112""","""50575112"" ""National Natural Science Foundation of China""","site:edu.cn OR site:ac.cn ""50575112""",exact_web_and_institution_search,not_checked,web review must preserve number evidence and PI evidence as separate claims
50575146,E,2005,general,E05,P1,P1_no_bibliographic_match,no_match_all_sources,,,,,"""50575146""","""50575146"" ""National Natural Science Foundation of China""","site:edu.cn OR site:ac.cn ""50575146""",exact_web_and_institution_search,not_checked,web review must preserve number evidence and PI evidence as separate claims
50775046,E,2007,general,E05,P1,P1_no_bibliographic_match,no_match_all_sources,,,,,"""50775046""","""50775046"" ""National Natural Science Foundation of China""","site:edu.cn OR site:ac.cn ""50775046""",exact_web_and_institution_search,not_checked,web review must preserve number evidence and PI evidence as separate claims
50775103,E,2007,general,E05,P1,P1_no_bibliographic_match,no_match_all_sources,,,,,"""50775103""","""50775103"" ""National Natural Science Foundation of China""","site:edu.cn OR site:ac.cn ""50775103""",exact_web_and_institution_search,not_checked,web review must preserve number evidence and PI evidence as separate claims
21973019,B,2019,general,B03,P1,P1_no_bibliographic_match,no_match_all_sources,,,,,"""21973019""","""21973019"" ""National Natural Science Foundation of China""","site:edu.cn OR site:ac.cn ""21973019""",exact_web_and_institution_search,not_checked,web review must preserve number evidence and PI evidence as separate claims
51302176,E,2013,youth_c,E02,P1,P1_no_bibliographic_match,no_match_all_sources,,,,,"""51302176""","""51302176"" ""National Natural Science Foundation of China""","site:edu.cn OR site:ac.cn ""51302176""",exact_web_and_institution_search,not_checked,web review must preserve number evidence and PI evidence as separate claims
51302192,E,2013,youth_c,E02,P1,P0_official_upgrade,confirmed_bibliographic,crossref,,,,"""51302192""","""51302192"" ""National Natural Science Foundation of China""","site:edu.cn OR site:ac.cn ""51302192""",official_or_institutional_confirmation,not_checked,web review must preserve number evidence and PI evidence as separate claims
51302240,E,2013,youth_c,E02,P1,P1_no_bibliographic_match,no_match_all_sources,,,,,"""51302240""","""51302240"" ""National Natural Science Foundation of China""","site:edu.cn OR site:ac.cn ""51302240""",exact_web_and_institution_search,not_checked,web review must preserve number evidence and PI evidence as separate claims
51303042,E,2013,youth_c,E03,P1,P1_no_bibliographic_match,no_match_all_sources,,,,,"""51303042""","""51303042"" ""National Natural Science Foundation of China""","site:edu.cn OR site:ac.cn ""51303042""",exact_web_and_institution_search,not_checked,web review must preserve number evidence and PI evidence as separate claims
51303119,E,2013,youth_c,E03,P1,P0_official_upgrade,confirmed_bibliographic,crossref,,,,"""51303119""","""51303119"" ""National Natural Science Foundation of China""","site:edu.cn OR site:ac.cn ""51303119""",official_or_institutional_confirmation,not_checked,web review must preserve number evidence and PI evidence as separate claims
51173050,E,2011,general,E03,P1,P0_official_upgrade,confirmed_bibliographic,crossref,,,,"""51173050""","""51173050"" ""National Natural Science Foundation of China""","site:edu.cn OR site:ac.cn ""51173050""",official_or_institutional_confirmation,not_checked,web review must preserve number evidence and PI evidence as separate claims
51173172,E,2011,general,E03,P1,P0_official_upgrade,confirmed_bibliographic,crossref,,,,"""51173172""","""51173172"" ""National Natural Science Foundation of China""","site:edu.cn OR site:ac.cn ""51173172""",official_or_institutional_confirmation,not_checked,web review must preserve number evidence and PI evidence as separate claims
22007002,B,2020,youth_c,B07,P1,P1_no_bibliographic_match,no_match_all_sources,,,,,"""22007002""","""22007002"" ""National Natural Science Foundation of China""","site:edu.cn OR site:ac.cn ""22007002""",exact_web_and_institution_search,not_checked,web review must preserve number evidence and PI evidence as separate claims
52008101,E,2020,youth_c,E08,P1,P0_official_upgrade,confirmed_bibliographic,crossref,,,,"""52008101""","""52008101"" ""National Natural Science Foundation of China""","site:edu.cn OR site:ac.cn ""52008101""",official_or_institutional_confirmation,not_checked,web review must preserve number evidence and PI evidence as separate claims
52008257,E,2020,youth_c,E08,P1,P1_no_bibliographic_match,no_match_all_sources,,,,,"""52008257""","""52008257"" ""National Natural Science Foundation of China""","site:edu.cn OR site:ac.cn ""52008257""",exact_web_and_institution_search,not_checked,web review must preserve number evidence and PI evidence as separate claims
52008370,E,2020,youth_c,E08,P1,P1_no_bibliographic_match,no_match_all_sources,,,,,"""52008370""","""52008370"" ""National Natural Science Foundation of China""","site:edu.cn OR site:ac.cn ""52008370""",exact_web_and_institution_search,not_checked,web review must preserve number evidence and PI evidence as separate claims
52008397,E,2020,youth_c,E08,P1,P0_official_upgrade,confirmed_bibliographic,crossref,,,,"""52008397""","""52008397"" ""National Natural Science Foundation of China""","site:edu.cn OR site:ac.cn ""52008397""",official_or_institutional_confirmation,not_checked,web review must preserve number evidence and PI evidence as separate claims
50776049,E,2007,general,E06,P1,P1_no_bibliographic_match,no_match_all_sources,,,,,"""50776049""","""50776049"" ""National Natural Science Foundation of China""","site:edu.cn OR site:ac.cn ""50776049""",exact_web_and_institution_search,not_checked,web review must preserve number evidence and PI evidence as separate claims
22103023,B,2021,youth_c,B03,P1,P0_official_upgrade,confirmed_bibliographic,crossref,,,,"""22103023""","""22103023"" ""National Natural Science Foundation of China""","site:edu.cn OR site:ac.cn ""22103023""",official_or_institutional_confirmation,not_checked,web review must preserve number evidence and PI evidence as separate claims
50573017,E,2005,general,E03,P1,P1_no_bibliographic_match,no_match_all_sources,,,,,"""50573017""","""50573017"" ""National Natural Science Foundation of China""","site:edu.cn OR site:ac.cn ""50573017""",exact_web_and_institution_search,not_checked,web review must preserve number evidence and PI evidence as separate claims
50977051,E,2009,general,E07,P1,P1_no_bibliographic_match,no_match_all_sources,,,,,"""50977051""","""50977051"" ""National Natural Science Foundation of China""","site:edu.cn OR site:ac.cn ""50977051""",exact_web_and_institution_search,not_checked,web review must preserve number evidence and PI evidence as separate claims
51106004,E,2011,youth_c,E06,P1,P1_no_bibliographic_match,no_match_all_sources,,,,,"""51106004""","""51106004"" ""National Natural Science Foundation of China""","site:edu.cn OR site:ac.cn ""51106004""",exact_web_and_institution_search,not_checked,web review must preserve number evidence and PI evidence as separate claims
51106081,E,2011,youth_c,E06,P1,P1_no_bibliographic_match,no_match_all_sources,,,,,"""51106081""","""51106081"" ""National Natural Science Foundation of China""","site:edu.cn OR site:ac.cn ""51106081""",exact_web_and_institution_search,not_checked,web review must preserve number evidence and PI evidence as separate claims
59975073,E,1999,general,E05,P1,P1_no_bibliographic_match,no_match_all_sources,,,,,"""59975073""","""59975073"" ""National Natural Science Foundation of China""","site:edu.cn OR site:ac.cn ""59975073""",exact_web_and_institution_search,not_checked,web review must preserve number evidence and PI evidence as separate claims
52105012,E,2021,youth_c,E05,P1,P0_official_upgrade,confirmed_bibliographic,crossref,,,,"""52105012""","""52105012"" ""National Natural Science Foundation of China""","site:edu.cn OR site:ac.cn ""52105012""",official_or_institutional_confirmation,not_checked,web review must preserve number evidence and PI evidence as separate claims
52105199,E,2021,youth_c,E05,P1,P0_official_upgrade,confirmed_bibliographic,crossref,,,,"""52105199""","""52105199"" ""National Natural Science Foundation of China""","site:edu.cn OR site:ac.cn ""52105199""",official_or_institutional_confirmation,not_checked,web review must preserve number evidence and PI evidence as separate claims
52105285,E,2021,youth_c,E05,P1,P0_official_upgrade,confirmed_bibliographic,crossref,,,,"""52105285""","""52105285"" ""National Natural Science Foundation of China""","site:edu.cn OR site:ac.cn ""52105285""",official_or_institutional_confirmation,not_checked,web review must preserve number evidence and PI evidence as separate claims
52105358,E,2021,youth_c,E05,P1,P1_no_bibliographic_match,no_match_all_sources,,,,,"""52105358""","""52105358"" ""National Natural Science Foundation of China""","site:edu.cn OR site:ac.cn ""52105358""",exact_web_and_institution_search,not_checked,web review must preserve number evidence and PI evidence as separate claims
52105380,E,2021,youth_c,E05,P1,P1_no_bibliographic_match,no_match_all_sources,,,,,"""52105380""","""52105380"" ""National Natural Science Foundation of China""","site:edu.cn OR site:ac.cn ""52105380""",exact_web_and_institution_search,not_checked,web review must preserve number evidence and PI evidence as separate claims
52105436,E,2021,youth_c,E05,P1,P0_official_upgrade,confirmed_bibliographic,crossref,,,,"""52105436""","""52105436"" ""National Natural Science Foundation of China""","site:edu.cn OR site:ac.cn ""52105436""",official_or_institutional_confirmation,not_checked,web review must preserve number evidence and PI evidence as separate claims
52105476,E,2021,youth_c,E05,P1,P0_official_upgrade,confirmed_bibliographic,crossref,,,,"""52105476""","""52105476"" ""National Natural Science Foundation of China""","site:edu.cn OR site:ac.cn ""52105476""",official_or_institutional_confirmation,not_checked,web review must preserve number evidence and PI evidence as separate claims
51501135,E,2015,youth_c,E01,P1,P1_no_bibliographic_match,no_match_all_sources,,,,,"""51501135""","""51501135"" ""National Natural Science Foundation of China""","site:edu.cn OR site:ac.cn ""51501135""",exact_web_and_institution_search,not_checked,web review must preserve number evidence and PI evidence as separate claims
51501187,E,2015,youth_c,E01,P1,P1_no_bibliographic_match,no_match_all_sources,,,,,"""51501187""","""51501187"" ""National Natural Science Foundation of China""","site:edu.cn OR site:ac.cn ""51501187""",exact_web_and_institution_search,not_checked,web review must preserve number evidence and PI evidence as separate claims
51501191,E,2015,youth_c,E01,P1,P0_official_upgrade,confirmed_bibliographic,crossref,,,,"""51501191""","""51501191"" ""National Natural Science Foundation of China""","site:edu.cn OR site:ac.cn ""51501191""",official_or_institutional_confirmation,not_checked,web review must preserve number evidence and PI evidence as separate claims
22102075,B,2021,youth_c,B02,P1,P1_no_bibliographic_match,no_match_all_sources,,,,,"""22102075""","""22102075"" ""National Natural Science Foundation of China""","site:edu.cn OR site:ac.cn ""22102075""",exact_web_and_institution_search,not_checked,web review must preserve number evidence and PI evidence as separate claims
22102144,B,2021,youth_c,B02,P1,P1_no_bibliographic_match,no_match_all_sources,,,,,"""22102144""","""22102144"" ""National Natural Science Foundation of China""","site:edu.cn OR site:ac.cn ""22102144""",exact_web_and_institution_search,not_checked,web review must preserve number evidence and PI evidence as separate claims
22102216,B,2021,youth_c,B02,P1,P1_no_bibliographic_match,no_match_all_sources,,,,,"""22102216""","""22102216"" ""National Natural Science Foundation of China""","site:edu.cn OR site:ac.cn ""22102216""",exact_web_and_institution_search,not_checked,web review must preserve number evidence and PI evidence as separate claims
52068003,E,2020,regional,E08,P1,P0_official_upgrade,confirmed_bibliographic,crossref,,,,"""52068003""","""52068003"" ""National Natural Science Foundation of China""","site:edu.cn OR site:ac.cn ""52068003""",official_or_institutional_confirmation,not_checked,web review must preserve number evidence and PI evidence as separate claims
59171010,E,1991,general,E01,P1,P1_no_bibliographic_match,no_match_all_sources,,,,,"""59171010""","""59171010"" ""National Natural Science Foundation of China""","site:edu.cn OR site:ac.cn ""59171010""",exact_web_and_institution_search,not_checked,web review must preserve number evidence and PI evidence as separate claims
51206111,E,2012,youth_c,E06,P1,P1_no_bibliographic_match,no_match_all_sources,,,,,"""51206111""","""51206111"" ""National Natural Science Foundation of China""","site:edu.cn OR site:ac.cn ""51206111""",exact_web_and_institution_search,not_checked,web review must preserve number evidence and PI evidence as separate claims
51206121,E,2012,youth_c,E06,P1,P1_no_bibliographic_match,no_match_all_sources,,,,,"""51206121""","""51206121"" ""National Natural Science Foundation of China""","site:edu.cn OR site:ac.cn ""51206121""",exact_web_and_institution_search,not_checked,web review must preserve number evidence and PI evidence as separate claims
51206158,E,2012,youth_c,E06,P1,P1_no_bibliographic_match,no_match_all_sources,,,,,"""51206158""","""51206158"" ""National Natural Science Foundation of China""","site:edu.cn OR site:ac.cn ""51206158""",exact_web_and_institution_search,not_checked,web review must preserve number evidence and PI evidence as separate claims
21901112,B,2019,youth_c,B01,P1,P0_official_upgrade,confirmed_bibliographic,crossref,,,,"""21901112""","""21901112"" ""National Natural Science Foundation of China""","site:edu.cn OR site:ac.cn ""21901112""",official_or_institutional_confirmation,not_checked,web review must preserve number evidence and PI evidence as separate claims
21901126,B,2019,youth_c,B01,P1,P1_no_bibliographic_match,no_match_all_sources,,,,,"""21901126""","""21901126"" ""National Natural Science Foundation of China""","site:edu.cn OR site:ac.cn ""21901126""",exact_web_and_institution_search,not_checked,web review must preserve number evidence and PI evidence as separate claims
21901129,B,2019,youth_c,B01,P1,P1_no_bibliographic_match,no_match_all_sources,,,,,"""21901129""","""21901129"" ""National Natural Science Foundation of China""","site:edu.cn OR site:ac.cn ""21901129""",exact_web_and_institution_search,not_checked,web review must preserve number evidence and PI evidence as separate claims
21901231,B,2019,youth_c,B01,P1,P0_official_upgrade,confirmed_bibliographic,crossref,,,,"""21901231""","""21901231"" ""National Natural Science Foundation of China""","site:edu.cn OR site:ac.cn ""21901231""",official_or_institutional_confirmation,not_checked,web review must preserve number evidence and PI evidence as separate claims
52065039,E,2020,regional,E05,P1,P0_official_upgrade,confirmed_bibliographic,crossref,,,,"""52065039""","""52065039"" ""National Natural Science Foundation of China""","site:edu.cn OR site:ac.cn ""52065039""",official_or_institutional_confirmation,not_checked,web review must preserve number evidence and PI evidence as separate claims
51006019,E,2010,youth_c,E06,P1,P1_no_bibliographic_match,no_match_all_sources,,,,,"""51006019""","""51006019"" ""National Natural Science Foundation of China""","site:edu.cn OR site:ac.cn ""51006019""",exact_web_and_institution_search,not_checked,web review must preserve number evidence and PI evidence as separate claims
51006124,E,2010,youth_c,E06,P1,P1_no_bibliographic_match,no_match_all_sources,,,,,"""51006124""","""51006124"" ""National Natural Science Foundation of China""","site:edu.cn OR site:ac.cn ""51006124""",exact_web_and_institution_search,not_checked,web review must preserve number evidence and PI evidence as separate claims
50706037,E,2007,youth_c,E06,P1,P1_no_bibliographic_match,no_match_all_sources,,,,,"""50706037""","""50706037"" ""National Natural Science Foundation of China""","site:edu.cn OR site:ac.cn ""50706037""",exact_web_and_institution_search,not_checked,web review must preserve number evidence and PI evidence as separate claims
51965048,E,2019,regional,E05,P1,P0_official_upgrade,confirmed_bibliographic,crossref,,,,"""51965048""","""51965048"" ""National Natural Science Foundation of China""","site:edu.cn OR site:ac.cn ""51965048""",official_or_institutional_confirmation,not_checked,web review must preserve number evidence and PI evidence as separate claims
50807010,E,2008,youth_c,E07,P1,P1_no_bibliographic_match,no_match_all_sources,,,,,"""50807010""","""50807010"" ""National Natural Science Foundation of China""","site:edu.cn OR site:ac.cn ""50807010""",exact_web_and_institution_search,not_checked,web review must preserve number evidence and PI evidence as separate claims
50175010,E,2001,general,E05,P1,P1_no_bibliographic_match,no_match_all_sources,,,,,"""50175010""","""50175010"" ""National Natural Science Foundation of China""","site:edu.cn OR site:ac.cn ""50175010""",exact_web_and_institution_search,not_checked,web review must preserve number evidence and PI evidence as separate claims
50175104,E,2001,general,E05,P1,P1_no_bibliographic_match,no_match_all_sources,,,,,"""50175104""","""50175104"" ""National Natural Science Foundation of China""","site:edu.cn OR site:ac.cn ""50175104""",exact_web_and_institution_search,not_checked,web review must preserve number evidence and PI evidence as separate claims
51365030,E,2013,regional,E05,P1,P0_official_upgrade,confirmed_bibliographic,crossref,,,,"""51365030""","""51365030"" ""National Natural Science Foundation of China""","site:edu.cn OR site:ac.cn ""51365030""",official_or_institutional_confirmation,not_checked,web review must preserve number evidence and PI evidence as separate claims
50906090,E,2009,youth_c,E06,P1,P1_no_bibliographic_match,no_match_all_sources,,,,,"""50906090""","""50906090"" ""National Natural Science Foundation of China""","site:edu.cn OR site:ac.cn ""50906090""",exact_web_and_institution_search,not_checked,web review must preserve number evidence and PI evidence as separate claims
50906101,E,2009,youth_c,E06,P1,P1_no_bibliographic_match,no_match_all_sources,,,,,"""50906101""","""50906101"" ""National Natural Science Foundation of China""","site:edu.cn OR site:ac.cn ""50906101""",exact_web_and_institution_search,not_checked,web review must preserve number evidence and PI evidence as separate claims
51764014,E,2017,regional,E04,P1,P0_official_upgrade,confirmed_bibliographic,crossref,,,,"""51764014""","""51764014"" ""National Natural Science Foundation of China""","site:edu.cn OR site:ac.cn ""51764014""",official_or_institutional_confirmation,not_checked,web review must preserve number evidence and PI evidence as separate claims
51902002,E,2019,youth_c,E02,P1,P1_no_bibliographic_match,no_match_all_sources,,,,,"""51902002""","""51902002"" ""National Natural Science Foundation of China""","site:edu.cn OR site:ac.cn ""51902002""",exact_web_and_institution_search,not_checked,web review must preserve number evidence and PI evidence as separate claims
51902186,E,2019,youth_c,E02,P1,P1_no_bibliographic_match,no_match_all_sources,,,,,"""51902186""","""51902186"" ""National Natural Science Foundation of China""","site:edu.cn OR site:ac.cn ""51902186""",exact_web_and_institution_search,not_checked,web review must preserve number evidence and PI evidence as separate claims
51902206,E,2019,youth_c,E02,P1,P1_no_bibliographic_match,no_match_all_sources,,,,,"""51902206""","""51902206"" ""National Natural Science Foundation of China""","site:edu.cn OR site:ac.cn ""51902206""",exact_web_and_institution_search,not_checked,web review must preserve number evidence and PI evidence as separate claims
51902214,E,2019,youth_c,E02,P1,P1_no_bibliographic_match,no_match_all_sources,,,,,"""51902214""","""51902214"" ""National Natural Science Foundation of China""","site:edu.cn OR site:ac.cn ""51902214""",exact_web_and_institution_search,not_checked,web review must preserve number evidence and PI evidence as separate claims
51902225,E,2019,youth_c,E02,P1,P1_no_bibliographic_match,no_match_all_sources,,,,,"""51902225""","""51902225"" ""National Natural Science Foundation of China""","site:edu.cn OR site:ac.cn ""51902225""",exact_web_and_institution_search,not_checked,web review must preserve number evidence and PI evidence as separate claims
51902302,E,2019,youth_c,E02,P1,P1_no_bibliographic_match,no_match_all_sources,,,,,"""51902302""","""51902302"" ""National Natural Science Foundation of China""","site:edu.cn OR site:ac.cn ""51902302""",exact_web_and_institution_search,not_checked,web review must preserve number evidence and PI evidence as separate claims
51902352,E,2019,youth_c,E02,P1,P0_official_upgrade,confirmed_bibliographic,crossref,,,,"""51902352""","""51902352"" ""National Natural Science Foundation of China""","site:edu.cn OR site:ac.cn ""51902352""",official_or_institutional_confirmation,not_checked,web review must preserve number evidence and PI evidence as separate claims
50602015,E,2006,youth_c,E02,P1,P1_no_bibliographic_match,no_match_all_sources,,,,,"""50602015""","""50602015"" ""National Natural Science Foundation of China""","site:edu.cn OR site:ac.cn ""50602015""",exact_web_and_institution_search,not_checked,web review must preserve number evidence and PI evidence as separate claims
22061042,B,2020,regional,B01,P2,P0_official_upgrade,confirmed_bibliographic,crossref,,,,"""22061042""","""22061042"" ""National Natural Science Foundation of China""","site:edu.cn OR site:ac.cn ""22061042""",official_or_institutional_confirmation,not_checked,web review must preserve number evidence and PI evidence as separate claims
59876042,E,1998,general,E06,P2,P2_no_bibliographic_match,no_match_all_sources,,,,,"""59876042""","""59876042"" ""National Natural Science Foundation of China""","site:edu.cn OR site:ac.cn ""59876042""",exact_web_and_institution_search,not_checked,web review must preserve number evidence and PI evidence as separate claims
50901004,E,2009,youth_c,E01,P2,P2_no_bibliographic_match,no_match_all_sources,,,,,"""50901004""","""50901004"" ""National Natural Science Foundation of China""","site:edu.cn OR site:ac.cn ""50901004""",exact_web_and_institution_search,not_checked,web review must preserve number evidence and PI evidence as separate claims
50901085,E,2009,youth_c,E01,P2,P2_no_bibliographic_match,no_match_all_sources,,,,,"""50901085""","""50901085"" ""National Natural Science Foundation of China""","site:edu.cn OR site:ac.cn ""50901085""",exact_web_and_institution_search,not_checked,web review must preserve number evidence and PI evidence as separate claims
51864002,E,2018,regional,E04,P2,P2_no_bibliographic_match,no_match_all_sources,,,,,"""51864002""","""51864002"" ""National Natural Science Foundation of China""","site:edu.cn OR site:ac.cn ""51864002""",exact_web_and_institution_search,not_checked,web review must preserve number evidence and PI evidence as separate claims
50806054,E,2008,youth_c,E06,P2,P2_no_bibliographic_match,no_match_all_sources,,,,,"""50806054""","""50806054"" ""National Natural Science Foundation of China""","site:edu.cn OR site:ac.cn ""50806054""",exact_web_and_institution_search,not_checked,web review must preserve number evidence and PI evidence as separate claims
50806074,E,2008,youth_c,E06,P2,P2_no_bibliographic_match,no_match_all_sources,,,,,"""50806074""","""50806074"" ""National Natural Science Foundation of China""","site:edu.cn OR site:ac.cn ""50806074""",exact_web_and_institution_search,not_checked,web review must preserve number evidence and PI evidence as separate claims
50272013,E,2002,general,E02,P2,P2_no_bibliographic_match,no_match_all_sources,,,,,"""50272013""","""50272013"" ""National Natural Science Foundation of China""","site:edu.cn OR site:ac.cn ""50272013""",exact_web_and_institution_search,not_checked,web review must preserve number evidence and PI evidence as separate claims
50272073,E,2002,general,E02,P2,P2_no_bibliographic_match,no_match_all_sources,,,,,"""50272073""","""50272073"" ""National Natural Science Foundation of China""","site:edu.cn OR site:ac.cn ""50272073""",exact_web_and_institution_search,not_checked,web review must preserve number evidence and PI evidence as separate claims
59272076,E,1992,general,E02,P2,P2_no_bibliographic_match,no_match_all_sources,,,,,"""59272076""","""59272076"" ""National Natural Science Foundation of China""","site:edu.cn OR site:ac.cn ""59272076""",exact_web_and_institution_search,not_checked,web review must preserve number evidence and PI evidence as separate claims
50671062,E,2006,general,E01,P2,P0_official_upgrade,confirmed_bibliographic,crossref,,,,"""50671062""","""50671062"" ""National Natural Science Foundation of China""","site:edu.cn OR site:ac.cn ""50671062""",official_or_institutional_confirmation,not_checked,web review must preserve number evidence and PI evidence as separate claims
50671089,E,2006,general,E01,P2,P2_no_bibliographic_match,no_match_all_sources,,,,,"""50671089""","""50671089"" ""National Natural Science Foundation of China""","site:edu.cn OR site:ac.cn ""50671089""",exact_web_and_institution_search,not_checked,web review must preserve number evidence and PI evidence as separate claims
50671101,E,2006,general,E01,P2,P2_no_bibliographic_match,no_match_all_sources,,,,,"""50671101""","""50671101"" ""National Natural Science Foundation of China""","site:edu.cn OR site:ac.cn ""50671101""",exact_web_and_institution_search,not_checked,web review must preserve number evidence and PI evidence as separate claims
21766012,B,2017,regional,B08,P2,P0_official_upgrade,confirmed_bibliographic,crossref,,,,"""21766012""","""21766012"" ""National Natural Science Foundation of China""","site:edu.cn OR site:ac.cn ""21766012""",official_or_institutional_confirmation,not_checked,web review must preserve number evidence and PI evidence as separate claims
50376032,E,2003,general,E06,P2,P2_no_bibliographic_match,no_match_all_sources,,,,,"""50376032""","""50376032"" ""National Natural Science Foundation of China""","site:edu.cn OR site:ac.cn ""50376032""",exact_web_and_institution_search,not_checked,web review must preserve number evidence and PI evidence as separate claims
50376064,E,2003,general,E06,P2,P2_no_bibliographic_match,no_match_all_sources,,,,,"""50376064""","""50376064"" ""National Natural Science Foundation of China""","site:edu.cn OR site:ac.cn ""50376064""",exact_web_and_institution_search,not_checked,web review must preserve number evidence and PI evidence as separate claims
51662003,E,2016,regional,E02,P2,P0_official_upgrade,confirmed_bibliographic,crossref,,,,"""51662003""","""51662003"" ""National Natural Science Foundation of China""","site:edu.cn OR site:ac.cn ""51662003""",official_or_institutional_confirmation,not_checked,web review must preserve number evidence and PI evidence as separate claims
51562017,E,2015,regional,E02,P2,P2_no_bibliographic_match,no_match_all_sources,,,,,"""51562017""","""51562017"" ""National Natural Science Foundation of China""","site:edu.cn OR site:ac.cn ""51562017""",exact_web_and_institution_search,not_checked,web review must preserve number evidence and PI evidence as separate claims
51862030,E,2018,regional,E02,P2,P0_official_upgrade,confirmed_bibliographic,crossref,,,,"""51862030""","""51862030"" ""National Natural Science Foundation of China""","site:edu.cn OR site:ac.cn ""51862030""",official_or_institutional_confirmation,not_checked,web review must preserve number evidence and PI evidence as separate claims
50173004,E,2001,general,E03,P2,P2_no_bibliographic_match,no_match_all_sources,,,,,"""50173004""","""50173004"" ""National Natural Science Foundation of China""","site:edu.cn OR site:ac.cn ""50173004""",exact_web_and_institution_search,not_checked,web review must preserve number evidence and PI evidence as separate claims
59373132,E,1993,general,E03,P2,P2_no_bibliographic_match,no_match_all_sources,,,,,"""59373132""","""59373132"" ""National Natural Science Foundation of China""","site:edu.cn OR site:ac.cn ""59373132""",exact_web_and_institution_search,not_checked,web review must preserve number evidence and PI evidence as separate claims
50403006,E,2004,youth_c,E03,P2,P2_award_only,award_number_only,,,,,"""50403006""","""50403006"" ""National Natural Science Foundation of China""","site:edu.cn OR site:ac.cn ""50403006""",exact_web_and_institution_search,not_checked,web review must preserve number evidence and PI evidence as separate claims
50177020,E,2001,general,E07,P2,P2_no_bibliographic_match,no_match_all_sources,,,,,"""50177020""","""50177020"" ""National Natural Science Foundation of China""","site:edu.cn OR site:ac.cn ""50177020""",exact_web_and_institution_search,not_checked,web review must preserve number evidence and PI evidence as separate claims
50571022,E,2005,general,E01,P2,P2_no_bibliographic_match,no_match_all_sources,,,,,"""50571022""","""50571022"" ""National Natural Science Foundation of China""","site:edu.cn OR site:ac.cn ""50571022""",exact_web_and_institution_search,not_checked,web review must preserve number evidence and PI evidence as separate claims
50571058,E,2005,general,E01,P2,P2_no_bibliographic_match,no_match_all_sources,,,,,"""50571058""","""50571058"" ""National Natural Science Foundation of China""","site:edu.cn OR site:ac.cn ""50571058""",exact_web_and_institution_search,not_checked,web review must preserve number evidence and PI evidence as separate claims
50571060,E,2005,general,E01,P2,P2_no_bibliographic_match,no_match_all_sources,,,,,"""50571060""","""50571060"" ""National Natural Science Foundation of China""","site:edu.cn OR site:ac.cn ""50571060""",exact_web_and_institution_search,not_checked,web review must preserve number evidence and PI evidence as separate claims
50571061,E,2005,general,E01,P2,P2_no_bibliographic_match,no_match_all_sources,,,,,"""50571061""","""50571061"" ""National Natural Science Foundation of China""","site:edu.cn OR site:ac.cn ""50571061""",exact_web_and_institution_search,not_checked,web review must preserve number evidence and PI evidence as separate claims
50205026,E,2002,youth_c,E05,P2,P2_no_bibliographic_match,no_match_all_sources,,,,,"""50205026""","""50205026"" ""National Natural Science Foundation of China""","site:edu.cn OR site:ac.cn ""50205026""",exact_web_and_institution_search,not_checked,web review must preserve number evidence and PI evidence as separate claims
50306009,E,2003,youth_c,E06,P2,P2_no_bibliographic_match,no_match_all_sources,,,,,"""50306009""","""50306009"" ""National Natural Science Foundation of China""","site:edu.cn OR site:ac.cn ""50306009""",exact_web_and_institution_search,not_checked,web review must preserve number evidence and PI evidence as separate claims
50505002,E,2005,youth_c,E05,P2,P2_no_bibliographic_match,no_match_all_sources,,,,,"""50505002""","""50505002"" ""National Natural Science Foundation of China""","site:edu.cn OR site:ac.cn ""50505002""",exact_web_and_institution_search,not_checked,web review must preserve number evidence and PI evidence as separate claims
50505050,E,2005,youth_c,E05,P2,P2_no_bibliographic_match,no_match_all_sources,,,,,"""50505050""","""50505050"" ""National Natural Science Foundation of China""","site:edu.cn OR site:ac.cn ""50505050""",exact_web_and_institution_search,not_checked,web review must preserve number evidence and PI evidence as separate claims
